Employee_ID;Salary;Department
1;4677;7
2;8737;7
3;4527;4
4;2368;1
5;6945;3
6;5088;7
7;4587;1
8;5539;4
9;3402;6
10;4967;5
11;1448;6
12;1138;3
13;1717;6
14;8391;5
15;2038;7
16;7587;3
17;6630;3
18;1516;1
19;6451;2
20;1132;5
21;1227;2
22;6349;7
23;7363;4
24;4100;5
25;7693;7
26;5177;3
27;3057;7
28;1019;1
29;6804;4
30;8817;7
31;2317;5
32;8316;6
33;1756;7
34;2282;2
35;2084;6
36;4217;2
37;3560;7
38;4394;7
39;1456;5
40;4556;7
41;7629;4
42;4062;7
43;4626;1
44;3983;2
45;2204;1
46;1509;2
47;6619;3
48;3530;4
49;3228;2
50;2905;5
51;4175;2
52;3933;1
53;6168;5
54;2003;1
55;6769;5
56;8795;1
57;2142;1
58;3454;3
59;3613;7
60;8358;3
61;1151;6
62;3346;1
63;5777;2
64;8664;3
65;8243;5
66;3698;2
67;6115;4
68;7348;5
69;7174;6
70;1155;6
71;5914;3
72;1868;7
73;6755;6
74;4830;1
75;1102;2
76;7767;7
77;3043;3
78;2984;5
79;5055;2
80;5095;3
81;8312;6
82;3841;5
83;3648;6
84;1445;4
85;2125;6
86;7854;6
87;6358;7
88;8611;1
89;6687;3
90;5533;3
91;7443;4
92;6161;6
93;2808;7
94;2045;7
95;1480;1
96;4255;2
97;5436;5
98;5606;4
99;7458;3
100;7744;7
101;1491;1
102;5490;6
103;8343;7
104;2862;3
105;4064;7
106;4428;7
107;4277;7
108;5071;4
109;4900;3
110;5031;2
111;1523;2
112;1208;2
113;1079;6
114;4813;2
115;1628;5
116;2839;5
117;4705;4
118;3187;1
119;3343;5
120;8856;6
121;7203;2
122;3441;2
123;5225;6
124;7124;3
125;2734;7
126;4574;7
127;5729;4
128;2560;2
129;7992;2
130;1245;2
131;1341;6
132;5101;7
133;3332;4
134;6209;4
135;8119;5
136;7668;2
137;4638;6
138;8223;1
139;7119;7
140;2317;4
141;5927;7
142;5573;6
143;7251;7
144;1593;3
145;4821;7
146;3687;1
147;2780;1
148;1715;6
149;4556;6
150;1824;7
151;4175;6
152;4546;3
153;2420;5
154;6579;6
155;8795;5
156;7579;4
157;2564;3
158;7607;2
159;3121;1
160;7278;1
161;5005;4
162;4457;5
163;4269;2
164;5296;4
165;3257;3
166;6905;5
167;6572;3
168;8816;3
169;5060;3
170;3229;2
171;1651;5
172;2913;3
173;8062;3
174;2266;2
175;7416;3
176;7802;1
177;3154;3
178;3966;1
179;1756;1
180;2435;1
181;1940;2
182;1410;5
183;7812;7
184;2968;5
185;2802;7
186;7776;5
187;3874;5
188;3898;7
189;4565;1
190;7677;4
191;6739;3
192;1137;4
193;6145;4
194;3959;1
195;8038;3
196;8507;6
197;6868;3
198;2410;1
199;7288;4
200;4921;7
201;8318;3
202;7481;3
203;3107;1
204;7277;3
205;2992;5
206;4590;4
207;1839;3
208;2413;4
209;7274;3
210;2165;3
211;4888;1
212;3787;2
213;6093;7
214;5934;3
215;1130;5
216;6888;6
217;6899;1
218;7493;4
219;1314;3
220;6469;4
221;6013;2
222;2450;7
223;3065;3
224;8069;5
225;6720;7
226;2389;7
227;5222;7
228;1409;2
229;7392;1
230;1211;6
231;3768;3
232;7908;6
233;1211;6
234;2021;4
235;6382;5
236;1069;2
237;3151;3
238;4699;2
239;7073;6
240;4066;4
241;8799;7
242;2538;4
243;1334;2
244;5727;5
245;8439;6
246;4990;7
247;3181;4
248;5353;4
249;3998;3
250;7899;3
251;5441;5
252;6477;5
253;8948;7
254;1437;5
255;4113;6
256;4598;1
257;8616;5
258;2942;4
259;7859;2
260;3276;7
261;5480;6
262;5259;5
263;5389;2
264;1872;1
265;8549;2
266;3847;2
267;7116;4
268;3608;2
269;3418;6
270;6594;4
271;7714;1
272;5226;6
273;3520;1
274;4735;7
275;5136;7
276;4389;1
277;7877;5
278;5855;6
279;8187;4
280;2014;6
281;6452;4
282;1847;5
283;1793;2
284;1582;3
285;8899;2
286;8887;3
287;4501;6
288;8480;7
289;5415;2
290;2801;1
291;4777;3
292;6926;2
293;6313;5
294;2031;5
295;2213;4
296;2167;5
297;2115;2
298;3112;5
299;8225;7
300;3760;5
301;4442;7
302;7392;7
303;6643;7
304;4430;3
305;2713;6
306;5681;7
307;7820;7
308;3218;2
309;5957;5
310;8184;4
311;1406;1
312;2584;3
313;5602;1
314;1514;3
315;3290;6
316;8622;1
317;6287;5
318;5393;2
319;2035;1
320;5067;5
321;3289;2
322;8117;6
323;1948;3
324;4371;5
325;5109;5
326;7295;4
327;7811;4
328;1028;1
329;5430;4
330;1498;2
331;8136;1
332;8111;6
333;8854;3
334;3501;3
335;1402;5
336;6438;3
337;5701;1
338;1169;3
339;2105;3
340;1928;2
341;7668;7
342;5160;4
343;5387;4
344;4242;2
345;3485;3
346;5832;4
347;2198;4
348;7824;6
349;1103;3
350;5050;4
351;2916;3
352;5106;2
353;7775;5
354;3401;5
355;7093;1
356;2399;1
357;8626;5
358;7858;7
359;1399;4
360;1777;6
361;6002;5
362;3032;6
363;7259;4
364;5223;3
365;6315;7
366;3332;4
367;2282;1
368;5930;2
369;6403;3
370;4237;6
371;1981;2
372;6934;3
373;4625;5
374;5823;3
375;3714;6
376;4201;1
377;6003;3
378;8572;2
379;2603;6
380;6248;1
381;5353;1
382;7626;5
383;1241;5
384;6637;7
385;7613;7
386;8915;4
387;7562;4
388;4056;4
389;1097;5
390;5930;1
391;3497;4
392;5706;1
393;5262;3
394;6126;1
395;3784;7
396;7434;7
397;8792;1
398;6739;1
399;2953;2
400;1851;7
401;8455;4
402;2422;5
403;3370;3
404;4784;1
405;1380;2
406;7905;1
407;3119;6
408;7976;1
409;6014;6
410;2585;1
411;7841;5
412;7561;7
413;1663;3
414;4957;1
415;3657;1
416;7520;2
417;8747;5
418;5611;2
419;8848;7
420;8811;6
421;7799;3
422;3701;2
423;2214;1
424;8521;5
425;8238;4
426;1827;3
427;8712;2
428;8941;3
429;1388;6
430;8493;6
431;6222;5
432;4398;6
433;8427;2
434;6175;3
435;2440;2
436;8623;1
437;7769;1
438;3861;1
439;1201;6
440;1200;7
441;7270;5
442;8279;2
443;6729;4
444;4751;5
445;1222;7
446;4232;6
447;5138;5
448;5892;1
449;8672;5
450;1779;6
451;1681;2
452;3115;4
453;3346;1
454;4135;1
455;4190;3
456;7983;6
457;2799;2
458;1758;6
459;1504;1
460;4536;6
461;7153;1
462;7411;2
463;5931;7
464;1676;4
465;3083;7
466;6561;6
467;5990;3
468;2309;5
469;4236;1
470;6460;3
471;8575;3
472;2194;3
473;1949;6
474;2343;4
475;1041;1
476;3738;6
477;3054;5
478;5307;4
479;8887;2
480;1617;6
481;8370;3
482;8124;6
483;7013;3
484;4242;3
485;8343;5
486;8078;6
487;3673;1
488;6352;2
489;7174;3
490;3570;7
491;7321;6
492;1059;7
493;3034;1
494;7154;2
495;7312;2
496;1019;6
497;5167;2
498;2283;2
499;7504;5
500;8739;2
501;8669;4
502;1379;3
503;6080;2
504;2062;7
505;8152;7
506;1868;2
507;5288;3
508;5202;7
509;6713;1
510;8902;3
511;5775;3
512;4072;6
513;3074;5
514;1471;5
515;8339;1
516;5964;3
517;2719;1
518;3932;6
519;2564;3
520;3724;3
521;6368;7
522;3965;2
523;5944;4
524;2097;4
525;3839;3
526;7807;1
527;8922;7
528;1912;7
529;7147;4
530;6627;2
531;7945;7
532;5711;6
533;6415;7
534;7824;4
535;3340;3
536;3530;4
537;5802;2
538;1740;7
539;7827;2
540;5826;4
541;5302;3
542;3012;3
543;3626;4
544;2891;3
545;3154;2
546;3066;6
547;5086;6
548;8050;2
549;8622;4
550;1560;4
551;2565;6
552;7476;2
553;1905;7
554;5412;2
555;3197;3
556;5268;7
557;7640;5
558;6032;1
559;6730;1
560;7299;4
561;1963;5
562;8351;6
563;1211;2
564;3082;4
565;8102;6
566;4812;1
567;2197;7
568;5679;4
569;1478;5
570;2675;4
571;5721;7
572;1309;6
573;7269;1
574;4636;6
575;5705;5
576;7471;7
577;3275;5
578;7425;5
579;7267;5
580;4342;7
581;6042;4
582;7338;5
583;2129;3
584;5913;1
585;8924;7
586;8211;7
587;5777;1
588;6315;2
589;3508;7
590;2257;4
591;1682;7
592;2135;6
593;8848;1
594;5738;5
595;8485;1
596;1573;2
597;2399;5
598;7279;5
599;2979;1
600;3283;5
601;7235;4
602;7903;1
603;3451;5
604;2747;3
605;3768;3
606;3420;4
607;2076;1
608;6705;5
609;1666;7
610;3946;2
611;5160;1
612;3561;6
613;2354;1
614;5409;1
615;5348;5
616;1096;7
617;6211;7
618;5409;6
619;7700;5
620;6537;6
621;7131;6
622;5431;7
623;8325;4
624;2741;1
625;5064;4
626;2168;7
627;5511;5
628;6030;3
629;5906;3
630;1057;4
631;5487;5
632;4203;1
633;2100;7
634;2571;7
635;7476;3
636;7174;3
637;6563;1
638;7800;5
639;4719;7
640;1145;5
641;4744;7
642;8815;5
643;3733;5
644;5494;5
645;8772;1
646;8282;6
647;2577;1
648;3736;6
649;8231;6
650;5663;7
651;8725;5
652;4565;1
653;1892;3
654;1890;6
655;3861;6
656;5337;7
657;3655;4
658;6569;3
659;6705;4
660;7445;2
661;7213;2
662;6369;7
663;3857;6
664;4315;1
665;6768;6
666;4482;6
667;3732;5
668;3767;1
669;7113;2
670;7204;2
671;2158;3
672;5395;3
673;3564;1
674;2739;1
675;2289;1
676;6278;1
677;7167;5
678;6964;5
679;1566;3
680;7679;3
681;7244;2
682;8364;4
683;8192;3
684;1705;6
685;3488;4
686;2297;2
687;5086;2
688;3840;3
689;5145;5
690;7446;4
691;1605;3
692;5478;7
693;7831;3
694;3485;7
695;2824;3
696;8116;6
697;2456;5
698;8552;1
699;6809;7
700;6912;7
701;1814;6
702;6861;1
703;3562;4
704;4640;3
705;7621;3
706;7418;5
707;7715;4
708;1692;2
709;8409;5
710;4618;6
711;6645;4
712;1056;5
713;1694;3
714;7497;1
715;8691;3
716;7461;2
717;6642;6
718;2339;6
719;5722;5
720;4604;7
721;1850;2
722;5503;4
723;6956;1
724;8772;2
725;1050;5
726;6395;5
727;8840;4
728;3778;7
729;7810;2
730;1435;6
731;1671;4
732;3150;3
733;7275;6
734;3329;7
735;1046;7
736;4917;2
737;3608;3
738;3557;2
739;3255;7
740;3215;4
741;3562;2
742;4367;5
743;6063;2
744;4232;4
745;8361;5
746;1279;1
747;3587;4
748;2742;3
749;8313;4
750;4364;5
751;8254;3
752;1142;1
753;3674;2
754;2864;6
755;6742;3
756;4709;2
757;1847;4
758;7843;6
759;8187;3
760;3320;3
761;5497;6
762;7406;5
763;7514;5
764;2037;6
765;5048;2
766;2067;4
767;4431;1
768;7681;3
769;8603;1
770;5215;2
771;5416;4
772;8803;3
773;6918;3
774;5229;7
775;5688;2
776;7055;1
777;7755;4
778;7158;4
779;6128;1
780;4923;7
781;3626;4
782;5055;1
783;6542;1
784;3635;7
785;3130;2
786;3010;2
787;8640;4
788;8924;5
789;8300;5
790;2600;5
791;3692;5
792;4513;4
793;2794;7
794;5424;6
795;3066;5
796;3336;3
797;6689;4
798;2690;7
799;7162;6
800;5279;4
801;6066;3
802;8853;7
803;7299;7
804;6573;7
805;8431;3
806;6299;6
807;6586;3
808;1528;6
809;2776;6
810;8570;6
811;3223;6
812;1756;3
813;4915;1
814;5481;3
815;6129;7
816;3376;2
817;6151;7
818;4963;3
819;6030;5
820;6075;5
821;4290;5
822;5099;3
823;3365;4
824;4194;4
825;5592;2
826;2723;3
827;5523;3
828;3469;6
829;4415;3
830;7185;1
831;3021;6
832;5598;4
833;2376;4
834;7376;4
835;7602;1
836;4036;7
837;2994;6
838;3298;7
839;4163;1
840;2897;4
841;8748;4
842;3958;3
843;3119;1
844;5348;2
845;8839;2
846;5804;1
847;6818;4
848;5178;4
849;4417;2
850;8904;2
851;7099;2
852;3306;3
853;1036;7
854;1920;3
855;6837;7
856;7888;1
857;2397;2
858;8094;6
859;4140;5
860;2152;1
861;4117;2
862;5807;5
863;6588;7
864;8767;2
865;6044;2
866;4572;5
867;7914;4
868;8615;2
869;7982;4
870;6070;5
871;1819;4
872;6505;5
873;8357;2
874;1267;6
875;1524;2
876;4363;5
877;1102;5
878;6935;4
879;8946;2
880;1724;2
881;5298;4
882;6907;4
883;7867;6
884;3676;6
885;3926;2
886;7519;5
887;3907;2
888;4683;2
889;7815;6
890;3714;7
891;7929;1
892;6714;5
893;1929;3
894;8750;6
895;4406;4
896;2312;2
897;6415;6
898;2778;4
899;1128;6
900;5803;5
901;3138;7
902;7139;2
903;4823;6
904;6745;2
905;5341;5
906;5389;4
907;8511;5
908;4825;1
909;5948;3
910;8364;4
911;7295;7
912;4253;4
913;7291;3
914;2534;4
915;3087;5
916;3121;1
917;6285;3
918;6075;2
919;2487;6
920;1370;3
921;5673;7
922;7945;6
923;7536;2
924;6933;7
925;3552;3
926;7637;3
927;2135;7
928;7362;3
929;8534;5
930;4227;7
931;2948;4
932;6407;3
933;2435;3
934;4393;5
935;1849;7
936;6547;1
937;2611;2
938;7451;6
939;7889;6
940;5066;5
941;1486;3
942;6810;7
943;3297;5
944;3051;7
945;8585;7
946;7920;7
947;2733;7
948;1948;3
949;6718;4
950;5828;5
951;7623;3
952;3884;3
953;5182;5
954;1783;7
955;2224;1
956;2534;1
957;1309;1
958;2795;3
959;4638;2
960;4022;7
961;4198;3
962;2001;5
963;3045;7
964;1100;7
965;3865;6
966;6482;3
967;3601;4
968;8683;6
969;5813;3
970;1928;5
971;6542;6
972;1358;7
973;2506;5
974;7362;2
975;5680;6
976;2758;7
977;7703;6
978;3160;1
979;2520;3
980;7193;6
981;7543;3
982;8507;6
983;1708;2
984;1561;7
985;8545;1
986;8220;5
987;5764;1
988;7839;6
989;2050;3
990;3525;3
991;6744;7
992;6675;7
993;4265;1
994;1162;2
995;5119;4
996;7614;3
997;5839;7
998;7338;7
999;5522;7
1000;1286;4
1001;8853;6
1002;7856;5
1003;2444;4
1004;7745;4
1005;6811;5
1006;1442;4
1007;3445;5
1008;4483;2
1009;1265;3
1010;8998;4
1011;7537;2
1012;1968;5
1013;5583;6
1014;1198;3
1015;7922;4
1016;4552;4
1017;3871;2
1018;1714;5
1019;7965;6
1020;7017;5
1021;8427;2
1022;8987;6
1023;4733;5
1024;5813;6
1025;6778;6
1026;8077;5
1027;4821;7
1028;3993;4
1029;3320;5
1030;5862;4
1031;1604;2
1032;4824;1
1033;5457;2
1034;6838;2
1035;2325;1
1036;6271;6
1037;6139;3
1038;4130;2
1039;7213;2
1040;7919;4
1041;8401;1
1042;6123;6
1043;7073;3
1044;2318;2
1045;1513;5
1046;8158;6
1047;1687;6
1048;4805;6
1049;6199;7
1050;5197;4
1051;2535;3
1052;7317;2
1053;1779;4
1054;7143;4
1055;4838;6
1056;3019;3
1057;7422;1
1058;2947;7
1059;2025;4
1060;2066;3
1061;6307;1
1062;7951;4
1063;4840;7
1064;7209;1
1065;2736;1
1066;4989;2
1067;7610;1
1068;3961;2
1069;4494;3
1070;4334;1
1071;6286;5
1072;8388;6
1073;6603;7
1074;8430;1
1075;3584;3
1076;1065;2
1077;1303;3
1078;3979;3
1079;8272;5
1080;1711;4
1081;5538;5
1082;7050;7
1083;5903;7
1084;2995;1
1085;6578;1
1086;1325;7
1087;2078;2
1088;8230;7
1089;2619;7
1090;2861;3
1091;5814;5
1092;8382;6
1093;4526;4
1094;6463;3
1095;1392;7
1096;2793;6
1097;8167;1
1098;7282;5
1099;1261;3
1100;3998;3
1101;2734;4
1102;7215;3
1103;2163;5
1104;7490;4
1105;4558;7
1106;2627;3
1107;9000;5
1108;5879;5
1109;5042;3
1110;6642;3
1111;6298;7
1112;4952;5
1113;3678;3
1114;2533;2
1115;4263;5
1116;8435;3
1117;8566;5
1118;3762;3
1119;1299;7
1120;3906;2
1121;6983;3
1122;3066;2
1123;2799;7
1124;4335;2
1125;4292;3
1126;2980;1
1127;5252;5
1128;8154;7
1129;8952;1
1130;6082;5
1131;6464;2
1132;5486;1
1133;1672;7
1134;4290;5
1135;5346;6
1136;8763;2
1137;4105;4
1138;8524;7
1139;1696;1
1140;2105;1
1141;7373;2
1142;6164;2
1143;7095;4
1144;4593;3
1145;2860;1
1146;2393;7
1147;6832;7
1148;2981;6
1149;7694;5
1150;8223;6
1151;5419;4
1152;3432;1
1153;2170;5
1154;8999;7
1155;2612;6
1156;6513;5
1157;6149;1
1158;4805;4
1159;8951;6
1160;2873;5
1161;4990;2
1162;4132;2
1163;3951;1
1164;5846;1
1165;6393;2
1166;3668;1
1167;6213;4
1168;1443;2
1169;8451;6
1170;4058;3
1171;6007;3
1172;5224;7
1173;5961;4
1174;5034;3
1175;7012;6
1176;8742;7
1177;3081;6
1178;6472;3
1179;3691;4
1180;2237;5
1181;1150;4
1182;1174;1
1183;4692;2
1184;2479;2
1185;7228;7
1186;4358;5
1187;5709;1
1188;7955;3
1189;5878;6
1190;1511;6
1191;4808;6
1192;1447;5
1193;2318;5
1194;6339;3
1195;4625;4
1196;7715;5
1197;3170;5
1198;3621;7
1199;7146;6
1200;7682;6
1201;4480;1
1202;6960;6
1203;5029;5
1204;3208;4
1205;8013;5
1206;2613;5
1207;5744;5
1208;6844;7
1209;4862;5
1210;1362;4
1211;7262;1
1212;8459;5
1213;1082;4
1214;2355;1
1215;5236;3
1216;2061;7
1217;4593;6
1218;7748;5
1219;8169;2
1220;7454;6
1221;8716;4
1222;6456;3
1223;6777;7
1224;2143;2
1225;1552;7
1226;1479;5
1227;8666;1
1228;8490;5
1229;6006;4
1230;7384;4
1231;1645;2
1232;5258;6
1233;1210;6
1234;4510;7
1235;6894;7
1236;2562;3
1237;1123;4
1238;8538;1
1239;6580;3
1240;1343;1
1241;5230;7
1242;1744;2
1243;1093;1
1244;2857;2
1245;8127;7
1246;7326;1
1247;2369;6
1248;7890;2
1249;3960;7
1250;3224;7
1251;4776;2
1252;5548;1
1253;2430;7
1254;6123;1
1255;3777;3
1256;6810;3
1257;6741;7
1258;6293;5
1259;7791;5
1260;3867;6
1261;4689;7
1262;1412;4
1263;4437;5
1264;4864;7
1265;5435;6
1266;7112;4
1267;2645;4
1268;7634;6
1269;1274;3
1270;8494;4
1271;3926;7
1272;3633;1
1273;3713;3
1274;5031;7
1275;8629;2
1276;4752;7
1277;1351;3
1278;2100;5
1279;3774;3
1280;2925;1
1281;4107;4
1282;1341;2
1283;6200;1
1284;8192;7
1285;2045;5
1286;2489;1
1287;1147;6
1288;7757;4
1289;5110;7
1290;7684;6
1291;6348;5
1292;8055;1
1293;5718;4
1294;3329;3
1295;4600;6
1296;2119;2
1297;7478;7
1298;1621;2
1299;2198;6
1300;7119;4
1301;2733;1
1302;4256;1
1303;2315;7
1304;1053;2
1305;3002;6
1306;2923;7
1307;7854;7
1308;3197;2
1309;7981;1
1310;1487;6
1311;7687;2
1312;4051;6
1313;3324;2
1314;6314;6
1315;3343;7
1316;4992;3
1317;6888;2
1318;5838;3
1319;3791;5
1320;7874;3
1321;7384;5
1322;6216;5
1323;5523;4
1324;5465;1
1325;7886;5
1326;3871;7
1327;1549;5
1328;3423;1
1329;5911;2
1330;5416;3
1331;2763;1
1332;5434;3
1333;2993;5
1334;1760;5
1335;5605;3
1336;8033;3
1337;6785;3
1338;7987;3
1339;2931;4
1340;8632;1
1341;4468;7
1342;8998;5
1343;8741;5
1344;2616;6
1345;3263;3
1346;5852;2
1347;2736;4
1348;6587;3
1349;5606;2
1350;6373;3
1351;3647;3
1352;4966;1
1353;3118;6
1354;4776;6
1355;4393;5
1356;3565;3
1357;6860;4
1358;8484;5
1359;2177;2
1360;3248;2
1361;3663;1
1362;5892;3
1363;1899;4
1364;2079;1
1365;6798;5
1366;8640;7
1367;1184;4
1368;7354;6
1369;2274;5
1370;7696;5
1371;8540;3
1372;8011;4
1373;4642;2
1374;8872;4
1375;2954;6
1376;1808;1
1377;1348;2
1378;6087;4
1379;1603;3
1380;4029;7
1381;7530;4
1382;3521;3
1383;2679;1
1384;5330;1
1385;1339;7
1386;6131;4
1387;7981;6
1388;5934;7
1389;4218;1
1390;1184;4
1391;1115;7
1392;2650;1
1393;5827;7
1394;3321;7
1395;4568;7
1396;3818;1
1397;3885;4
1398;8576;3
1399;1491;5
1400;8554;4
1401;2724;1
1402;2859;3
1403;3827;2
1404;3731;6
1405;4971;6
1406;1148;6
1407;8612;6
1408;2746;1
1409;1954;7
1410;3716;3
1411;4055;3
1412;8919;6
1413;2071;4
1414;8607;6
1415;6754;1
1416;6008;1
1417;5420;4
1418;3058;2
1419;7825;1
1420;3826;6
1421;8826;5
1422;2666;2
1423;3787;6
1424;5960;3
1425;2783;2
1426;1075;4
1427;2304;5
1428;3191;1
1429;7597;2
1430;6885;7
1431;7075;2
1432;5632;5
1433;4988;2
1434;8842;6
1435;3598;3
1436;2959;2
1437;7818;6
1438;4946;1
1439;3898;4
1440;2220;4
1441;3795;3
1442;1869;2
1443;1796;5
1444;7645;7
1445;8933;3
1446;2309;4
1447;2492;1
1448;6447;3
1449;7879;5
1450;3049;6
1451;5010;5
1452;7079;4
1453;6509;4
1454;7304;3
1455;8531;4
1456;6450;7
1457;4245;1
1458;6520;7
1459;3962;2
1460;6623;1
1461;1930;7
1462;6746;4
1463;5419;5
1464;5174;6
1465;1423;1
1466;1086;1
1467;3644;2
1468;7154;2
1469;6420;4
1470;4961;6
1471;3599;7
1472;3221;1
1473;2701;3
1474;5216;4
1475;6198;4
1476;6700;7
1477;4438;6
1478;7703;1
1479;7550;3
1480;4142;2
1481;2656;1
1482;5988;3
1483;3788;5
1484;8352;3
1485;5484;6
1486;4716;6
1487;1235;2
1488;8201;4
1489;2391;2
1490;6485;7
1491;7417;5
1492;1638;5
1493;1674;5
1494;6694;1
1495;6111;2
1496;8294;6
1497;3884;7
1498;8341;3
1499;4457;2
1500;8875;7
1501;8785;7
1502;6699;5
1503;7083;4
1504;3171;2
1505;1637;6
1506;6154;1
1507;2641;6
1508;6934;3
1509;5984;3
1510;8751;5
1511;5942;3
1512;7644;4
1513;8934;1
1514;5627;1
1515;1778;1
1516;7793;1
1517;1077;3
1518;4738;7
1519;7183;5
1520;4097;3
1521;1376;7
1522;8162;6
1523;3449;4
1524;2155;5
1525;5006;3
1526;4188;4
1527;2374;3
1528;4639;2
1529;8641;3
1530;8751;1
1531;3977;3
1532;8660;5
1533;5441;2
1534;4217;2
1535;8923;5
1536;3755;7
1537;4517;5
1538;6388;7
1539;4603;7
1540;4369;3
1541;6714;5
1542;7617;1
1543;3363;5
1544;6482;6
1545;1727;5
1546;1391;6
1547;1400;3
1548;7223;7
1549;3637;3
1550;2049;5
1551;7447;2
1552;2389;2
1553;2389;5
1554;1609;3
1555;1440;2
1556;8704;5
1557;6557;1
1558;3084;5
1559;5761;3
1560;6841;6
1561;1571;5
1562;6159;6
1563;3791;2
1564;7306;3
1565;8597;4
1566;7839;2
1567;6811;1
1568;3853;5
1569;1812;7
1570;8734;4
1571;7403;5
1572;3711;7
1573;3861;2
1574;8420;1
1575;3534;5
1576;2363;6
1577;5768;3
1578;1642;5
1579;6441;4
1580;5378;2
1581;4495;6
1582;4952;2
1583;5940;1
1584;7377;1
1585;6732;2
1586;4025;1
1587;5432;3
1588;4785;1
1589;7311;4
1590;3527;1
1591;1008;1
1592;5110;7
1593;4323;7
1594;6774;7
1595;4462;1
1596;7261;3
1597;7436;1
1598;5613;5
1599;4663;4
1600;6440;7
1601;5214;1
1602;1709;1
1603;5703;3
1604;6746;3
1605;3764;7
1606;2059;5
1607;4722;6
1608;3309;5
1609;4500;2
1610;1646;4
1611;8781;1
1612;2177;2
1613;5554;3
1614;7394;3
1615;8112;4
1616;4892;7
1617;6426;5
1618;6228;4
1619;5444;5
1620;2174;1
1621;1669;3
1622;6753;3
1623;1981;7
1624;5067;4
1625;3594;7
1626;7990;3
1627;8152;4
1628;2382;1
1629;3172;6
1630;4258;3
1631;6786;7
1632;3520;4
1633;6697;1
1634;3825;1
1635;1115;6
1636;2767;4
1637;8494;3
1638;5392;7
1639;7688;7
1640;5629;6
1641;2251;4
1642;6577;6
1643;8078;1
1644;6156;4
1645;5604;3
1646;6268;1
1647;7859;6
1648;6621;7
1649;2174;3
1650;7339;3
1651;1881;3
1652;4851;3
1653;6251;4
1654;3221;4
1655;3221;4
1656;1534;6
1657;2285;5
1658;8404;5
1659;5063;4
1660;6278;4
1661;3698;7
1662;5760;4
1663;6881;2
1664;6603;2
1665;2057;2
1666;8958;7
1667;7823;7
1668;5960;3
1669;6532;3
1670;8002;2
1671;3541;1
1672;3371;6
1673;7872;1
1674;1434;3
1675;3682;1
1676;7599;3
1677;4481;2
1678;8600;3
1679;2415;5
1680;8050;1
1681;7346;3
1682;6947;6
1683;5850;1
1684;1564;2
1685;1997;6
1686;4495;5
1687;7895;1
1688;8392;3
1689;1170;5
1690;2874;2
1691;6026;3
1692;8679;2
1693;2303;1
1694;5797;5
1695;1357;3
1696;8352;5
1697;4679;3
1698;2293;5
1699;5579;1
1700;6874;7
1701;5133;4
1702;8110;6
1703;1182;2
1704;5993;7
1705;8589;5
1706;6201;2
1707;1239;4
1708;3824;6
1709;1926;2
1710;3839;6
1711;3033;4
1712;3028;4
1713;6551;1
1714;8155;4
1715;7195;2
1716;5643;7
1717;3037;7
1718;4477;2
1719;8762;5
1720;5898;6
1721;5689;1
1722;7825;1
1723;4978;2
1724;4682;7
1725;1717;6
1726;3099;2
1727;2281;2
1728;5314;2
1729;6827;2
1730;8576;2
1731;5559;1
1732;3631;5
1733;4315;4
1734;2897;1
1735;6328;1
1736;6770;5
1737;1261;7
1738;1508;1
1739;8267;2
1740;8648;1
1741;1635;6
1742;3862;3
1743;6337;2
1744;2699;5
1745;7267;3
1746;5689;4
1747;3165;3
1748;4830;5
1749;3075;3
1750;4393;3
1751;1856;6
1752;6763;2
1753;4206;7
1754;3165;2
1755;5623;3
1756;8108;4
1757;3312;1
1758;8959;5
1759;6227;4
1760;7060;4
1761;1045;3
1762;1737;6
1763;8193;5
1764;6631;7
1765;4195;2
1766;5970;7
1767;5044;4
1768;5343;2
1769;4497;2
1770;6767;1
1771;7919;3
1772;4070;6
1773;5144;3
1774;7792;4
1775;8570;1
1776;2473;2
1777;1374;2
1778;6451;2
1779;2787;4
1780;7767;6
1781;2096;3
1782;8166;2
1783;5481;1
1784;3648;5
1785;8640;2
1786;7552;2
1787;5266;5
1788;2537;1
1789;4029;1
1790;2226;3
1791;7175;5
1792;4244;7
1793;2459;4
1794;2001;6
1795;6476;4
1796;5959;3
1797;6218;2
1798;5948;3
1799;6954;6
1800;1788;7
1801;2999;3
1802;1245;2
1803;7879;4
1804;4470;7
1805;1343;3
1806;7364;7
1807;4222;4
1808;6488;4
1809;1365;2
1810;5622;6
1811;6830;6
1812;4272;6
1813;8202;5
1814;7557;6
1815;4899;6
1816;4897;7
1817;5534;2
1818;3086;5
1819;8798;1
1820;5465;5
1821;7524;2
1822;6726;4
1823;6575;4
1824;5641;1
1825;6715;6
1826;7653;6
1827;4789;4
1828;1427;7
1829;3822;3
1830;5957;3
1831;3850;4
1832;2727;4
1833;1634;4
1834;6000;6
1835;8422;7
1836;4993;4
1837;5986;7
1838;4306;4
1839;3218;1
1840;4497;2
1841;4052;3
1842;3845;2
1843;6603;7
1844;6334;3
1845;6636;7
1846;1372;5
1847;1304;1
1848;3234;4
1849;3255;7
1850;1171;4
1851;5494;7
1852;2881;3
1853;8026;4
1854;4925;7
1855;8972;6
1856;8856;4
1857;3081;1
1858;1301;2
1859;8627;1
1860;8866;5
1861;5535;3
1862;2845;1
1863;3032;2
1864;1834;3
1865;2020;4
1866;7594;5
1867;3262;1
1868;3885;2
1869;8981;2
1870;5757;5
1871;8519;3
1872;5685;4
1873;8251;3
1874;2627;4
1875;8367;7
1876;6231;7
1877;7965;3
1878;2919;1
1879;2189;6
1880;8450;3
1881;6966;5
1882;4284;6
1883;7043;4
1884;1452;4
1885;4096;3
1886;1162;4
1887;1926;7
1888;1569;5
1889;1819;2
1890;7509;3
1891;8337;6
1892;3051;7
1893;3669;5
1894;8032;5
1895;7445;3
1896;4230;7
1897;3402;5
1898;6835;2
1899;6183;1
1900;8515;3
1901;5077;3
1902;2042;4
1903;6844;2
1904;3299;7
1905;3379;1
1906;8362;1
1907;4179;5
1908;2878;5
1909;5289;5
1910;2197;6
1911;8793;6
1912;1620;5
1913;1121;6
1914;1393;7
1915;6223;3
1916;3188;4
1917;2172;2
1918;5571;5
1919;5195;4
1920;2592;3
1921;5628;6
1922;1237;7
1923;1514;1
1924;5788;1
1925;1663;4
1926;6859;7
1927;1409;5
1928;8968;7
1929;1572;1
1930;5915;3
1931;2875;1
1932;7812;4
1933;5204;4
1934;5334;4
1935;3417;1
1936;1185;6
1937;6121;2
1938;3748;1
1939;1953;2
1940;8415;7
1941;5349;3
1942;5826;6
1943;8417;3
1944;1346;6
1945;5783;5
1946;1021;5
1947;5272;3
1948;3323;1
1949;4924;5
1950;5127;1
1951;3195;4
1952;4939;1
1953;6887;2
1954;5141;6
1955;5417;2
1956;6628;5
1957;2521;4
1958;3078;3
1959;8461;7
1960;7457;7
1961;4290;5
1962;5183;7
1963;7636;2
1964;5243;2
1965;6898;2
1966;8386;1
1967;8248;7
1968;3627;3
1969;7131;6
1970;5414;4
1971;1694;4
1972;1988;2
1973;3071;1
1974;7789;7
1975;7312;1
1976;1139;4
1977;4557;2
1978;6744;2
1979;7442;3
1980;8028;1
1981;6674;7
1982;1167;5
1983;6436;7
1984;5126;4
1985;8123;1
1986;5401;3
1987;5281;4
1988;1424;2
1989;5750;5
1990;4565;3
1991;3411;5
1992;8166;2
1993;7968;4
1994;3430;7
1995;4249;5
1996;1703;7
1997;3082;2
1998;2991;4
1999;1053;1
2000;2714;4
2001;4992;7
2002;6886;6
2003;8850;6
2004;4408;5
2005;8783;2
2006;3103;3
2007;2851;4
2008;8259;3
2009;3941;2
2010;6900;5
2011;1522;7
2012;1931;3
2013;6880;6
2014;7966;1
2015;3790;4
2016;6596;5
2017;4480;5
2018;1344;6
2019;4225;7
2020;5649;2
2021;6106;4
2022;4488;3
2023;3853;1
2024;5054;6
2025;6270;7
2026;1971;5
2027;1217;4
2028;7982;3
2029;1321;7
2030;6949;2
2031;5463;2
2032;1693;7
2033;4541;1
2034;3123;7
2035;4033;7
2036;3921;2
2037;7767;3
2038;4365;6
2039;3656;4
2040;6947;4
2041;1949;2
2042;3913;3
2043;7638;2
2044;7320;3
2045;2423;4
2046;2692;1
2047;3211;6
2048;5647;4
2049;2455;7
2050;1639;4
2051;7003;6
2052;3400;1
2053;7795;4
2054;3901;7
2055;7657;4
2056;6056;6
2057;1929;3
2058;1854;1
2059;5724;3
2060;6465;3
2061;1623;5
2062;6272;1
2063;4600;1
2064;2397;1
2065;3935;4
2066;6975;1
2067;1006;6
2068;8588;1
2069;3091;5
2070;7203;5
2071;7212;1
2072;1038;5
2073;6092;4
2074;3567;7
2075;6530;4
2076;6580;6
2077;2300;7
2078;7104;1
2079;5082;7
2080;5797;2
2081;2499;5
2082;2842;2
2083;2854;4
2084;4024;7
2085;2218;1
2086;1563;5
2087;6914;3
2088;8756;4
2089;3049;6
2090;8385;5
2091;2120;7
2092;4169;7
2093;3302;6
2094;7792;3
2095;1384;5
2096;2415;3
2097;4444;6
2098;3659;4
2099;7894;5
2100;8956;1
2101;4863;2
2102;7328;1
2103;7038;6
2104;6309;3
2105;7959;7
2106;3854;3
2107;8095;5
2108;8020;7
2109;2226;1
2110;8692;3
2111;6044;7
2112;6355;3
2113;4403;1
2114;4390;6
2115;7144;3
2116;4951;7
2117;7048;7
2118;5183;3
2119;4944;3
2120;7482;6
2121;2937;1
2122;1877;3
2123;3796;2
2124;1479;5
2125;6512;1
2126;1500;1
2127;6599;3
2128;3616;2
2129;4765;1
2130;5131;2
2131;2617;5
2132;4361;3
2133;3360;6
2134;2313;5
2135;1292;7
2136;3987;5
2137;8408;5
2138;1599;7
2139;6724;5
2140;2890;4
2141;1483;6
2142;2166;3
2143;4994;1
2144;4621;3
2145;6441;4
2146;7218;6
2147;6795;7
2148;5618;3
2149;6229;7
2150;2100;4
2151;6096;3
2152;5899;2
2153;3688;3
2154;2230;1
2155;3861;4
2156;1250;4
2157;1529;1
2158;6750;1
2159;7954;2
2160;6774;7
2161;4206;1
2162;8826;7
2163;6596;1
2164;7465;5
2165;3381;7
2166;3984;7
2167;4760;3
2168;5980;6
2169;4173;7
2170;5894;4
2171;3398;2
2172;6373;4
2173;1020;6
2174;5118;5
2175;7156;2
2176;5074;2
2177;6971;4
2178;4995;3
2179;8142;3
2180;2126;5
2181;8876;3
2182;3366;1
2183;7708;5
2184;8296;4
2185;1639;2
2186;7700;6
2187;1136;1
2188;6616;1
2189;2869;3
2190;4112;1
2191;8015;2
2192;3255;2
2193;3775;2
2194;6823;5
2195;1869;5
2196;4712;5
2197;1989;3
2198;7155;3
2199;3266;4
2200;6316;1
2201;2740;1
2202;6302;1
2203;6509;4
2204;8733;2
2205;3145;6
2206;4100;7
2207;4492;4
2208;7827;3
2209;3850;7
2210;7918;1
2211;5431;7
2212;2394;4
2213;8606;1
2214;6153;1
2215;5601;5
2216;8305;1
2217;6334;1
2218;1114;4
2219;1060;2
2220;2370;4
2221;3951;4
2222;6661;6
2223;3685;7
2224;4895;4
2225;8681;6
2226;7549;7
2227;3735;2
2228;7001;1
2229;5273;3
2230;4560;5
2231;5168;1
2232;4721;1
2233;6171;1
2234;4857;7
2235;2756;4
2236;6165;2
2237;1035;7
2238;1634;3
2239;2221;1
2240;2860;6
2241;2538;7
2242;3719;7
2243;1562;6
2244;5913;1
2245;5118;4
2246;7771;2
2247;5944;6
2248;2174;1
2249;5155;3
2250;4007;1
2251;2059;6
2252;2502;3
2253;3150;3
2254;8745;7
2255;4035;3
2256;4340;1
2257;1272;6
2258;5080;2
2259;1448;3
2260;8759;4
2261;2894;4
2262;4639;2
2263;2570;3
2264;4005;1
2265;2038;2
2266;8886;3
2267;2449;6
2268;7096;5
2269;3434;4
2270;1083;3
2271;6682;1
2272;2643;6
2273;1933;6
2274;3715;1
2275;3560;2
2276;2576;5
2277;5211;4
2278;7047;3
2279;4494;6
2280;3432;4
2281;2900;4
2282;5324;3
2283;2574;3
2284;5531;7
2285;2963;1
2286;5636;2
2287;5880;3
2288;1473;7
2289;8504;2
2290;1631;7
2291;3486;1
2292;6409;3
2293;2500;3
2294;6331;6
2295;5129;1
2296;6831;6
2297;7851;6
2298;5038;6
2299;5226;1
2300;5491;3
2301;5113;5
2302;7935;2
2303;4946;6
2304;3860;1
2305;3934;5
2306;8268;3
2307;8521;2
2308;2020;2
2309;4747;4
2310;2179;7
2311;6153;3
2312;2337;1
2313;5621;4
2314;4588;7
2315;6130;4
2316;2663;1
2317;4329;5
2318;3787;5
2319;3230;7
2320;2536;7
2321;5022;3
2322;7652;2
2323;5758;5
2324;6031;7
2325;4471;3
2326;3771;3
2327;1228;6
2328;5153;5
2329;2127;5
2330;8296;2
2331;5005;2
2332;5913;6
2333;2241;6
2334;7758;2
2335;3207;1
2336;7653;3
2337;2767;3
2338;2844;6
2339;6013;4
2340;2200;7
2341;2496;7
2342;6057;1
2343;2183;1
2344;2394;4
2345;3605;5
2346;6601;2
2347;5756;4
2348;8946;3
2349;4663;6
2350;2488;7
2351;7553;7
2352;4790;3
2353;1892;5
2354;7647;3
2355;7234;7
2356;8424;1
2357;2500;4
2358;7857;4
2359;6143;5
2360;5114;2
2361;5038;3
2362;8253;4
2363;6675;7
2364;1090;4
2365;2037;6
2366;6408;7
2367;3494;6
2368;3998;5
2369;6838;1
2370;6976;5
2371;5095;7
2372;1953;7
2373;5258;5
2374;5077;6
2375;4770;4
2376;1610;7
2377;3559;5
2378;5995;3
2379;8345;6
2380;4529;3
2381;8138;5
2382;4198;6
2383;6037;1
2384;4187;2
2385;3637;7
2386;4480;1
2387;5434;4
2388;5618;7
2389;6892;2
2390;6472;2
2391;8170;1
2392;1778;3
2393;3989;5
2394;6581;4
2395;4597;2
2396;4677;7
2397;1405;6
2398;6653;4
2399;4907;3
2400;5640;7
2401;5010;6
2402;3229;4
2403;5900;4
2404;6684;2
2405;8555;1
2406;1093;1
2407;7961;2
2408;4984;7
2409;5345;2
2410;6138;6
2411;1482;7
2412;2304;3
2413;6102;7
2414;2378;4
2415;4116;3
2416;4710;2
2417;1485;3
2418;4504;1
2419;5237;7
2420;2399;5
2421;8390;3
2422;3566;2
2423;8954;1
2424;7947;6
2425;7413;4
2426;3633;7
2427;5121;4
2428;1568;4
2429;5409;3
2430;6144;5
2431;3485;3
2432;5005;7
2433;5708;7
2434;4437;5
2435;3454;6
2436;5233;4
2437;2783;4
2438;8286;5
2439;5455;6
2440;3186;3
2441;4538;2
2442;3705;4
2443;5899;7
2444;6032;5
2445;6813;6
2446;2368;2
2447;6678;2
2448;6372;4
2449;7366;3
2450;8264;3
2451;6224;7
2452;5723;1
2453;7169;5
2454;3247;3
2455;1699;1
2456;4645;4
2457;1797;5
2458;6548;2
2459;5816;2
2460;6534;1
2461;4590;1
2462;5338;6
2463;7400;1
2464;2475;6
2465;6969;4
2466;5944;5
2467;3014;7
2468;4090;7
2469;5262;6
2470;1960;3
2471;5886;7
2472;2939;6
2473;4675;2
2474;1947;2
2475;6825;7
2476;7364;3
2477;6324;1
2478;2152;4
2479;2111;3
2480;2534;6
2481;4739;3
2482;1222;7
2483;5683;3
2484;3539;7
2485;3525;4
2486;6197;1
2487;4455;1
2488;3670;1
2489;3594;4
2490;6815;4
2491;8888;4
2492;7846;2
2493;5641;2
2494;5080;4
2495;4586;5
2496;1849;1
2497;6579;1
2498;2831;4
2499;3098;4
2500;6528;6
2501;8777;7
2502;3278;2
2503;7349;5
2504;6670;3
2505;1395;3
2506;3114;6
2507;8381;1
2508;8175;2
2509;7493;1
2510;6136;6
2511;3068;1
2512;2383;5
2513;1969;7
2514;6496;5
2515;7244;4
2516;4488;2
2517;7247;4
2518;3933;1
2519;7836;1
2520;7448;7
2521;5214;4
2522;2414;7
2523;6069;5
2524;1129;2
2525;8158;7
2526;2804;6
2527;2195;4
2528;5218;1
2529;8266;4
2530;3837;7
2531;2687;1
2532;7619;7
2533;6276;1
2534;6343;4
2535;6268;7
2536;3789;1
2537;6140;3
2538;3378;5
2539;8265;7
2540;5953;7
2541;3803;7
2542;6672;4
2543;2850;2
2544;1137;3
2545;2006;3
2546;6713;3
2547;2320;4
2548;4950;5
2549;7009;7
2550;7938;7
2551;2348;3
2552;1787;5
2553;7760;6
2554;4359;7
2555;1378;2
2556;7771;3
2557;4426;1
2558;1213;7
2559;7927;2
2560;4614;7
2561;2285;7
2562;1207;4
2563;8763;4
2564;5361;4
2565;8063;3
2566;2830;6
2567;5327;5
2568;6306;4
2569;7622;7
2570;6339;3
2571;5155;1
2572;6031;6
2573;2325;1
2574;3062;7
2575;5117;2
2576;6516;5
2577;4336;6
2578;3671;5
2579;3576;6
2580;7450;4
2581;2776;6
2582;5987;5
2583;7452;4
2584;3220;5
2585;2148;5
2586;7474;7
2587;1551;2
2588;2844;2
2589;1909;5
2590;5548;6
2591;8765;7
2592;6872;5
2593;2608;2
2594;8339;3
2595;5196;2
2596;5999;2
2597;6044;5
2598;1428;4
2599;6572;4
2600;6073;6
2601;1811;7
2602;5651;5
2603;1761;1
2604;5487;4
2605;6547;4
2606;2222;4
2607;7629;6
2608;3600;5
2609;3315;6
2610;6043;1
2611;7054;3
2612;3336;7
2613;8072;3
2614;8426;2
2615;8120;1
2616;7996;7
2617;3008;7
2618;8516;6
2619;7604;3
2620;6285;4
2621;8780;4
2622;3558;3
2623;7852;2
2624;7190;4
2625;7233;3
2626;2933;5
2627;4072;4
2628;7485;1
2629;7949;3
2630;5465;4
2631;2501;7
2632;7676;4
2633;4525;5
2634;4486;2
2635;7115;3
2636;7405;7
2637;7154;7
2638;8750;6
2639;5727;5
2640;4249;6
2641;5696;2
2642;4139;4
2643;6722;1
2644;7680;3
2645;5628;2
2646;6965;2
2647;7192;4
2648;4650;4
2649;5887;4
2650;8069;6
2651;8901;4
2652;8518;4
2653;3172;1
2654;4596;7
2655;6284;5
2656;3857;1
2657;2132;3
2658;5240;7
2659;4213;3
2660;1204;6
2661;7125;4
2662;3501;2
2663;8000;4
2664;7308;4
2665;2940;5
2666;3328;3
2667;3738;4
2668;8478;7
2669;4750;5
2670;5687;3
2671;2646;5
2672;8634;4
2673;7214;5
2674;2131;6
2675;7060;5
2676;5501;4
2677;2013;3
2678;4926;7
2679;8377;3
2680;1455;4
2681;8292;4
2682;2916;2
2683;3851;7
2684;5690;4
2685;4839;6
2686;8162;7
2687;3947;4
2688;1678;1
2689;6876;7
2690;5382;2
2691;8250;4
2692;5878;4
2693;3270;4
2694;8197;5
2695;6347;2
2696;8775;6
2697;6763;5
2698;2859;6
2699;5095;7
2700;6940;5
2701;2449;5
2702;8693;7
2703;2216;6
2704;7647;2
2705;6443;3
2706;7153;4
2707;4299;2
2708;2007;4
2709;5376;6
2710;5003;6
2711;4953;3
2712;2655;1
2713;2572;6
2714;7947;2
2715;3581;7
2716;3145;5
2717;3220;5
2718;4096;7
2719;6174;5
2720;1469;7
2721;3286;1
2722;2348;1
2723;2695;4
2724;3381;6
2725;4995;6
2726;6901;4
2727;2609;2
2728;7997;4
2729;2302;6
2730;8448;2
2731;5269;7
2732;3666;6
2733;5739;4
2734;2551;6
2735;7189;7
2736;2667;7
2737;1987;2
2738;5947;5
2739;5265;2
2740;2173;5
2741;2818;3
2742;5320;3
2743;8967;5
2744;3759;2
2745;2442;7
2746;6130;5
2747;1960;7
2748;5564;7
2749;8367;4
2750;5043;4
2751;7407;6
2752;4782;1
2753;1991;5
2754;3900;7
2755;2800;7
2756;1983;4
2757;5144;1
2758;3270;3
2759;6557;4
2760;3607;1
2761;1806;5
2762;1158;7
2763;8786;7
2764;3066;5
2765;1719;7
2766;3858;3
2767;1661;4
2768;4985;1
2769;2415;5
2770;5192;6
2771;8451;4
2772;6848;3
2773;1490;5
2774;1960;3
2775;8394;4
2776;6041;2
2777;6335;7
2778;5589;5
2779;6461;7
2780;5627;2
2781;6679;5
2782;4354;5
2783;6886;4
2784;2183;3
2785;8162;5
2786;1648;2
2787;5760;1
2788;8641;2
2789;5943;3
2790;7939;6
2791;3919;7
2792;7207;2
2793;4077;7
2794;6646;3
2795;4937;2
2796;5667;2
2797;3148;7
2798;5397;5
2799;2329;1
2800;5322;4
2801;1942;3
2802;4630;1
2803;8786;2
2804;7140;2
2805;6523;1
2806;5013;1
2807;6115;6
2808;2784;4
2809;6473;4
2810;1290;7
2811;4365;2
2812;7686;6
2813;4987;3
2814;2671;2
2815;5653;4
2816;4841;5
2817;2207;6
2818;4548;1
2819;5175;7
2820;4286;7
2821;2990;4
2822;5857;7
2823;1871;1
2824;5650;2
2825;1115;3
2826;3091;6
2827;7604;1
2828;8261;2
2829;2355;1
2830;3107;1
2831;8824;2
2832;6167;6
2833;5740;5
2834;5093;2
2835;1444;2
2836;4715;3
2837;3858;4
2838;5795;4
2839;2818;4
2840;3647;1
2841;8848;5
2842;2386;3
2843;4606;3
2844;8297;5
2845;4328;1
2846;8547;4
2847;8960;2
2848;2948;1
2849;2582;5
2850;8153;7
2851;8555;6
2852;6262;4
2853;3864;2
2854;7192;7
2855;6886;5
2856;5817;2
2857;6933;7
2858;3876;6
2859;1034;1
2860;1748;3
2861;8528;5
2862;3963;1
2863;3771;5
2864;1635;5
2865;1403;4
2866;4205;3
2867;5203;2
2868;8490;6
2869;8293;1
2870;3166;1
2871;7295;6
2872;5308;3
2873;1314;1
2874;2707;6
2875;8094;2
2876;1765;1
2877;6910;7
2878;8451;6
2879;7643;2
2880;7319;4
2881;5663;7
2882;4419;1
2883;1393;6
2884;6301;4
2885;1173;7
2886;7111;1
2887;8873;4
2888;7797;5
2889;2298;3
2890;1415;3
2891;6990;4
2892;5896;1
2893;4378;6
2894;4912;6
2895;4444;1
2896;5997;7
2897;2027;2
2898;8382;2
2899;1867;6
2900;6311;3
2901;6200;2
2902;8263;4
2903;4444;7
2904;6643;6
2905;5930;4
2906;4452;2
2907;3387;7
2908;3813;6
2909;3372;7
2910;5917;2
2911;6369;7
2912;4920;2
2913;1043;2
2914;8825;7
2915;5507;4
2916;7124;1
2917;8501;4
2918;1392;4
2919;4569;4
2920;7056;3
2921;7470;3
2922;7276;4
2923;4606;6
2924;1203;1
2925;3990;6
2926;5176;5
2927;6068;1
2928;3595;1
2929;2521;4
2930;8401;5
2931;3128;2
2932;2142;4
2933;1655;2
2934;1554;1
2935;1397;5
2936;5865;5
2937;4673;3
2938;3881;1
2939;7259;2
2940;1452;1
2941;3146;6
2942;4985;1
2943;3817;3
2944;5629;6
2945;3821;6
2946;1923;1
2947;7095;4
2948;1935;6
2949;8089;7
2950;4848;1
2951;6514;2
2952;1999;7
2953;4845;3
2954;2683;6
2955;8159;6
2956;7804;3
2957;2539;7
2958;6168;4
2959;1345;7
2960;4504;2
2961;1041;6
2962;8574;4
2963;2049;1
2964;6735;1
2965;2439;4
2966;6024;7
2967;6976;7
2968;2058;5
2969;2742;4
2970;3853;2
2971;3752;5
2972;3432;6
2973;1587;1
2974;6939;3
2975;6400;4
2976;6313;1
2977;1118;7
2978;1970;4
2979;6128;6
2980;3978;4
2981;1994;4
2982;3256;4
2983;4928;7
2984;5528;1
2985;2216;1
2986;4957;7
2987;2073;7
2988;7588;6
2989;4148;6
2990;1591;5
2991;8408;4
2992;8148;6
2993;5556;3
2994;3252;3
2995;8487;7
2996;2446;7
2997;6403;6
2998;3291;4
2999;7625;6
3000;3142;3
3001;2417;6
3002;1848;5
3003;3954;3
3004;1468;3
3005;3543;3
3006;2279;2
3007;5311;1
3008;7824;3
3009;3296;6
3010;2377;5
3011;7607;4
3012;6744;3
3013;5330;7
3014;8337;1
3015;7686;7
3016;5193;1
3017;8125;7
3018;3896;5
3019;2433;5
3020;2364;3
3021;7215;5
3022;2904;1
3023;7689;4
3024;1738;2
3025;7504;5
3026;1592;4
3027;1558;2
3028;6094;1
3029;6569;3
3030;2964;1
3031;7925;2
3032;7183;1
3033;6566;3
3034;2123;1
3035;6110;2
3036;2847;6
3037;2525;6
3038;7580;1
3039;4007;1
3040;1385;5
3041;3015;6
3042;6618;5
3043;7314;1
3044;6656;6
3045;6811;7
3046;7683;3
3047;1191;7
3048;6497;3
3049;7121;1
3050;5039;6
3051;8484;7
3052;5294;3
3053;6157;3
3054;5860;6
3055;3199;7
3056;5230;7
3057;5071;2
3058;7475;3
3059;8379;3
3060;5251;4
3061;7306;7
3062;8488;4
3063;7933;5
3064;5126;4
3065;8497;7
3066;1211;1
3067;5989;5
3068;3047;1
3069;2675;2
3070;7443;5
3071;7635;2
3072;5835;6
3073;6743;6
3074;7613;2
3075;3783;4
3076;5664;3
3077;5585;1
3078;1767;4
3079;3533;6
3080;7962;5
3081;7374;6
3082;3749;5
3083;4449;6
3084;6603;4
3085;6885;2
3086;7359;6
3087;6030;2
3088;7879;6
3089;1609;6
3090;5502;7
3091;5564;1
3092;7591;1
3093;1144;4
3094;8140;5
3095;3344;3
3096;1640;7
3097;1812;3
3098;7876;3
3099;4967;6
3100;2908;6
3101;5096;3
3102;6674;4
3103;2337;2
3104;6841;1
3105;6894;3
3106;1628;6
3107;5986;3
3108;1890;4
3109;6457;4
3110;5531;7
3111;5968;2
3112;4777;5
3113;4977;3
3114;7470;2
3115;4347;5
3116;7369;6
3117;7593;1
3118;1680;6
3119;6077;1
3120;5594;7
3121;6256;1
3122;4280;5
3123;2662;2
3124;8955;6
3125;6911;2
3126;4459;7
3127;6575;2
3128;2881;5
3129;1417;4
3130;3412;7
3131;2616;3
3132;1725;5
3133;6082;3
3134;1173;3
3135;6511;4
3136;5294;4
3137;3528;1
3138;3338;5
3139;2423;4
3140;6151;2
3141;5960;7
3142;5806;7
3143;1560;1
3144;5695;6
3145;5128;1
3146;4729;2
3147;5210;7
3148;6668;7
3149;8573;2
3150;5239;2
3151;3195;1
3152;2915;6
3153;7483;1
3154;8542;4
3155;5227;2
3156;7878;7
3157;1623;6
3158;3641;4
3159;6911;5
3160;2316;7
3161;4940;2
3162;2621;6
3163;7134;7
3164;1325;6
3165;6079;5
3166;2238;3
3167;8457;7
3168;2654;1
3169;5995;4
3170;6675;1
3171;4560;5
3172;5452;5
3173;6917;7
3174;5667;1
3175;6522;6
3176;7715;5
3177;2951;1
3178;1577;3
3179;6896;6
3180;3011;2
3181;4730;7
3182;3260;6
3183;6474;6
3184;6958;2
3185;4965;2
3186;7550;4
3187;7311;4
3188;8891;1
3189;1265;5
3190;5686;2
3191;2070;4
3192;2254;2
3193;8002;7
3194;4923;7
3195;7889;5
3196;2567;4
3197;5227;6
3198;6234;7
3199;5813;4
3200;1434;6
3201;3045;6
3202;6011;1
3203;8528;7
3204;7201;2
3205;7504;3
3206;8138;1
3207;4023;5
3208;5442;2
3209;3796;2
3210;2517;6
3211;4313;6
3212;6352;5
3213;4980;4
3214;4281;6
3215;3084;7
3216;4077;7
3217;4767;6
3218;1995;5
3219;1013;7
3220;8626;3
3221;4984;5
3222;8024;7
3223;3573;2
3224;4369;3
3225;3060;5
3226;3034;4
3227;1058;1
3228;8714;4
3229;4776;2
3230;8755;4
3231;5275;4
3232;7354;5
3233;3416;6
3234;8229;7
3235;8805;3
3236;8174;1
3237;6093;2
3238;4141;2
3239;2129;3
3240;7936;3
3241;2505;5
3242;8477;7
3243;4009;6
3244;3336;2
3245;1956;6
3246;6079;2
3247;3613;4
3248;5008;5
3249;7127;7
3250;3564;2
3251;2160;5
3252;2398;5
3253;4876;1
3254;2700;7
3255;6838;7
3256;6741;1
3257;3313;4
3258;8095;6
3259;3541;6
3260;7661;2
3261;3564;7
3262;3709;2
3263;8907;3
3264;7795;7
3265;4053;7
3266;4591;1
3267;8710;7
3268;8488;2
3269;8322;2
3270;6602;5
3271;5453;1
3272;2135;7
3273;7020;3
3274;7129;4
3275;3306;1
3276;3528;4
3277;1511;3
3278;3248;7
3279;6325;5
3280;5320;4
3281;5366;2
3282;2178;3
3283;4338;2
3284;8511;6
3285;4185;5
3286;5233;4
3287;4245;2
3288;8499;5
3289;8244;7
3290;7572;6
3291;5075;2
3292;1158;2
3293;4917;4
3294;8761;6
3295;2648;5
3296;6025;6
3297;3987;3
3298;5649;3
3299;4548;2
3300;1854;4
3301;3393;3
3302;5066;4
3303;7271;6
3304;7244;1
3305;6913;6
3306;8031;7
3307;7333;5
3308;7205;6
3309;2788;7
3310;2509;3
3311;5509;5
3312;6285;4
3313;7675;6
3314;2238;4
3315;3013;6
3316;7095;7
3317;5710;4
3318;5887;3
3319;2009;2
3320;2129;6
3321;5185;7
3322;8884;6
3323;8651;4
3324;6099;7
3325;2443;1
3326;7455;1
3327;4366;1
3328;3432;5
3329;3866;1
3330;3462;6
3331;7527;4
3332;7625;2
3333;2822;1
3334;8335;6
3335;7809;7
3336;5719;3
3337;7411;3
3338;7476;2
3339;3921;1
3340;2687;1
3341;4763;3
3342;8128;5
3343;3004;7
3344;4601;2
3345;2885;7
3346;4270;4
3347;8963;4
3348;1841;3
3349;7788;7
3350;2323;4
3351;5573;4
3352;2697;3
3353;1954;2
3354;5047;6
3355;2454;4
3356;4577;7
3357;4260;4
3358;3911;6
3359;8018;1
3360;7424;2
3361;1425;3
3362;3415;3
3363;1337;1
3364;8289;5
3365;2511;4
3366;3489;2
3367;2642;7
3368;1648;1
3369;7199;2
3370;4056;3
3371;4479;7
3372;5050;6
3373;6753;4
3374;2511;4
3375;6427;5
3376;4448;2
3377;1286;3
3378;7577;1
3379;4164;3
3380;4111;5
3381;1747;6
3382;4752;1
3383;7685;1
3384;5829;7
3385;2812;3
3386;2694;3
3387;7961;6
3388;4421;4
3389;2858;4
3390;7559;5
3391;2815;1
3392;5901;6
3393;5168;3
3394;6281;7
3395;8189;3
3396;2943;1
3397;8214;7
3398;5923;1
3399;3926;3
3400;1229;4
3401;8499;3
3402;7880;4
3403;7812;1
3404;3867;5
3405;7971;4
3406;5985;3
3407;3192;2
3408;3490;6
3409;5398;1
3410;6151;6
3411;5466;3
3412;1414;6
3413;6690;1
3414;3529;3
3415;6178;3
3416;4192;6
3417;1427;6
3418;7960;1
3419;6783;2
3420;8753;3
3421;1216;1
3422;3651;5
3423;5715;4
3424;6171;7
3425;6311;7
3426;3286;2
3427;6749;2
3428;5148;4
3429;2122;6
3430;6965;1
3431;6069;1
3432;2196;7
3433;8562;5
3434;7848;2
3435;1636;4
3436;4761;6
3437;3851;1
3438;7239;6
3439;2161;1
3440;3912;4
3441;4258;5
3442;5736;6
3443;2511;5
3444;8145;4
3445;6509;3
3446;4836;7
3447;6830;3
3448;4362;1
3449;8723;6
3450;4319;7
3451;4072;3
3452;2255;7
3453;8913;2
3454;1083;4
3455;6544;7
3456;2869;4
3457;5653;5
3458;3907;3
3459;3225;4
3460;8050;4
3461;5045;7
3462;7783;6
3463;7754;1
3464;7905;4
3465;3534;2
3466;3266;5
3467;2106;3
3468;3187;2
3469;6533;6
3470;6923;1
3471;7306;1
3472;3930;6
3473;7093;5
3474;5345;3
3475;4997;3
3476;5148;4
3477;2872;7
3478;1913;5
3479;1259;1
3480;4676;2
3481;1814;6
3482;1252;3
3483;6235;5
3484;5052;7
3485;3301;4
3486;4776;7
3487;4550;1
3488;3480;5
3489;5524;6
3490;6546;1
3491;6913;2
3492;1049;1
3493;2323;1
3494;5195;6
3495;6913;3
3496;1329;1
3497;6921;7
3498;1289;7
3499;2020;6
3500;7084;5
3501;4870;1
3502;7757;5
3503;1071;1
3504;8202;3
3505;8438;1
3506;3205;2
3507;3267;6
3508;6928;7
3509;6936;3
3510;6397;2
3511;4545;1
3512;7727;2
3513;7200;1
3514;1812;5
3515;1133;7
3516;6798;2
3517;5785;3
3518;4942;4
3519;6387;3
3520;1965;2
3521;7185;3
3522;3478;1
3523;1847;3
3524;4639;1
3525;6916;4
3526;4353;4
3527;4460;2
3528;8504;6
3529;8882;4
3530;7505;3
3531;6735;2
3532;1908;2
3533;2883;1
3534;5120;3
3535;8170;7
3536;4500;6
3537;4421;1
3538;6969;3
3539;4907;2
3540;2286;4
3541;2709;1
3542;4405;5
3543;7576;3
3544;1947;5
3545;4923;3
3546;8849;3
3547;6063;6
3548;7778;7
3549;3250;6
3550;7980;6
3551;2201;5
3552;8643;3
3553;6575;1
3554;7547;6
3555;4796;5
3556;3917;4
3557;4074;6
3558;2858;1
3559;3083;7
3560;3840;2
3561;2970;2
3562;3458;7
3563;7855;6
3564;6985;2
3565;5568;4
3566;6265;4
3567;6635;5
3568;1545;5
3569;8320;7
3570;4450;4
3571;4267;4
3572;3784;3
3573;7310;6
3574;4777;4
3575;3823;4
3576;1533;4
3577;6287;3
3578;5491;7
3579;2422;3
3580;1353;1
3581;1577;6
3582;8332;4
3583;2793;3
3584;7912;4
3585;1096;1
3586;5069;1
3587;2309;5
3588;4673;7
3589;5523;6
3590;6336;6
3591;2112;2
3592;6242;3
3593;2137;4
3594;3728;6
3595;2048;2
3596;1000;7
3597;5965;6
3598;5310;4
3599;8307;4
3600;5720;6
3601;8492;1
3602;2097;2
3603;8378;4
3604;4543;4
3605;1625;3
3606;4713;5
3607;5238;1
3608;4873;3
3609;5567;2
3610;1584;3
3611;4321;3
3612;1566;4
3613;7298;6
3614;6493;6
3615;6479;1
3616;7586;2
3617;2143;1
3618;7424;3
3619;5832;3
3620;1568;5
3621;8647;7
3622;1971;4
3623;3301;4
3624;4878;6
3625;5491;7
3626;5330;5
3627;8949;6
3628;1892;4
3629;3376;1
3630;3924;6
3631;8009;3
3632;7968;5
3633;8818;7
3634;6801;6
3635;5453;5
3636;8699;5
3637;5200;2
3638;6780;3
3639;7309;4
3640;3461;4
3641;6382;1
3642;7860;7
3643;2399;6
3644;8734;5
3645;6186;7
3646;7402;7
3647;1706;5
3648;5246;7
3649;6662;4
3650;8856;1
3651;2123;1
3652;2268;1
3653;2917;3
3654;2874;1
3655;4339;2
3656;2829;1
3657;4907;5
3658;2080;5
3659;5578;4
3660;6980;3
3661;7715;3
3662;8752;4
3663;8089;1
3664;8418;3
3665;6551;5
3666;3065;2
3667;8079;1
3668;7870;7
3669;4874;7
3670;5976;3
3671;7558;2
3672;7638;2
3673;1571;6
3674;4895;4
3675;7832;2
3676;4150;6
3677;7946;2
3678;6849;7
3679;6958;1
3680;1848;4
3681;3767;2
3682;7530;5
3683;6420;5
3684;6916;6
3685;4035;1
3686;5857;2
3687;1191;5
3688;6324;1
3689;1313;1
3690;3414;3
3691;8198;5
3692;5209;3
3693;5690;3
3694;7853;3
3695;4369;5
3696;2195;3
3697;3583;3
3698;1428;6
3699;8036;5
3700;6733;1
3701;1077;6
3702;4650;6
3703;4399;1
3704;3245;2
3705;8710;3
3706;1804;1
3707;3216;1
3708;5194;7
3709;1396;2
3710;2615;5
3711;3804;3
3712;4216;2
3713;8692;2
3714;5895;7
3715;5467;2
3716;3076;3
3717;1692;2
3718;4781;7
3719;3160;5
3720;7238;2
3721;3097;3
3722;5238;2
3723;7460;5
3724;5241;5
3725;8869;1
3726;6953;3
3727;8217;7
3728;6057;3
3729;3064;6
3730;4538;5
3731;5860;1
3732;2976;1
3733;3420;4
3734;4183;1
3735;4859;1
3736;2731;6
3737;7019;2
3738;6626;3
3739;6567;6
3740;2498;7
3741;6194;7
3742;2565;6
3743;4441;2
3744;6796;2
3745;5887;2
3746;6308;6
3747;7927;6
3748;6665;7
3749;7750;2
3750;5184;5
3751;8745;7
3752;2219;7
3753;4583;3
3754;1441;2
3755;3790;4
3756;1352;3
3757;2873;3
3758;7387;7
3759;4096;5
3760;3145;3
3761;1779;3
3762;8112;5
3763;7825;1
3764;7658;4
3765;6058;5
3766;4895;7
3767;2732;5
3768;7051;3
3769;4882;6
3770;8611;4
3771;8952;4
3772;3768;6
3773;5037;3
3774;6501;7
3775;2070;1
3776;1973;2
3777;7242;3
3778;4078;4
3779;4712;1
3780;5890;4
3781;7195;3
3782;5066;6
3783;6681;1
3784;5421;3
3785;5180;6
3786;1822;6
3787;1694;4
3788;4536;4
3789;2327;5
3790;2452;1
3791;4112;5
3792;2980;3
3793;8719;2
3794;2617;7
3795;8473;1
3796;5466;4
3797;2727;7
3798;8508;6
3799;7112;4
3800;5752;6
3801;5608;3
3802;1682;2
3803;5554;3
3804;2039;4
3805;2369;2
3806;6974;3
3807;8905;6
3808;5493;4
3809;8754;1
3810;3863;7
3811;6370;4
3812;7542;3
3813;2904;2
3814;2752;6
3815;3429;3
3816;3320;6
3817;8772;7
3818;8867;1
3819;8615;1
3820;3726;7
3821;6797;7
3822;3661;2
3823;2085;2
3824;4252;2
3825;5997;3
3826;1869;2
3827;1412;5
3828;5598;4
3829;6382;6
3830;3740;4
3831;3555;2
3832;5305;6
3833;7054;3
3834;4009;2
3835;6706;2
3836;3779;2
3837;6413;4
3838;6921;3
3839;6261;6
3840;4524;2
3841;5825;6
3842;8021;7
3843;5319;1
3844;6565;7
3845;3915;3
3846;4361;1
3847;1545;2
3848;8161;4
3849;4814;3
3850;6699;5
3851;3549;1
3852;1357;4
3853;5162;6
3854;3907;5
3855;5851;3
3856;6427;2
3857;4928;6
3858;6653;3
3859;2738;2
3860;2508;6
3861;5836;7
3862;4787;2
3863;6285;6
3864;7896;5
3865;5284;3
3866;7319;2
3867;5349;3
3868;2379;7
3869;7269;5
3870;3250;2
3871;2248;2
3872;2196;4
3873;8809;4
3874;1168;2
3875;2087;5
3876;2848;2
3877;3861;7
3878;3260;3
3879;4838;5
3880;6705;4
3881;3941;1
3882;4688;5
3883;3842;4
3884;1488;6
3885;2511;6
3886;1174;6
3887;7447;2
3888;4517;7
3889;8940;1
3890;1347;6
3891;8619;5
3892;6684;7
3893;6914;3
3894;6225;1
3895;3202;3
3896;7572;6
3897;2538;1
3898;2552;7
3899;4646;6
3900;8962;3
3901;1733;1
3902;2629;5
3903;6390;2
3904;4161;1
3905;8303;6
3906;6399;4
3907;5558;6
3908;6662;7
3909;6134;1
3910;3254;3
3911;2862;7
3912;7084;7
3913;8684;1
3914;6462;5
3915;6979;4
3916;7976;4
3917;1512;3
3918;1212;3
3919;6076;5
3920;2682;6
3921;8796;3
3922;3408;7
3923;5751;1
3924;5646;4
3925;3993;7
3926;7091;1
3927;8006;3
3928;5668;4
3929;2636;6
3930;8665;2
3931;6891;6
3932;2546;6
3933;8724;5
3934;5671;4
3935;4716;7
3936;8749;5
3937;7000;5
3938;8800;1
3939;3949;6
3940;3204;6
3941;4926;3
3942;1590;1
3943;1977;6
3944;8468;1
3945;4431;2
3946;6969;3
3947;1958;3
3948;1354;1
3949;1041;3
3950;8211;5
3951;4406;5
3952;3220;5
3953;4518;2
3954;1422;6
3955;6878;6
3956;6141;4
3957;3770;1
3958;5834;2
3959;7087;5
3960;8422;2
3961;6298;3
3962;2483;2
3963;3118;6
3964;7295;6
3965;2338;5
3966;7753;5
3967;3269;2
3968;4563;5
3969;4516;4
3970;4845;2
3971;8561;7
3972;7417;1
3973;1012;1
3974;1370;1
3975;3543;3
3976;6941;2
3977;7910;7
3978;6979;1
3979;4952;3
3980;4557;6
3981;2883;1
3982;6207;3
3983;6983;1
3984;3961;1
3985;5309;3
3986;7587;1
3987;5113;6
3988;7690;2
3989;1890;6
3990;7184;3
3991;2241;7
3992;2567;1
3993;3108;6
3994;3752;1
3995;4537;7
3996;2398;6
3997;3416;4
3998;6709;2
3999;7147;6
4000;3874;5
4001;7408;1
4002;5010;2
4003;8383;7
4004;1818;1
4005;1307;7
4006;1353;7
4007;2979;1
4008;8438;6
4009;4212;7
4010;7969;3
4011;7970;7
4012;3810;2
4013;8347;6
4014;8219;4
4015;2916;4
4016;1083;4
4017;8572;7
4018;7464;7
4019;1405;6
4020;2011;7
4021;6262;4
4022;7953;1
4023;7545;5
4024;6875;6
4025;1192;1
4026;3500;1
4027;6413;7
4028;4032;4
4029;4058;5
4030;7145;6
4031;3238;1
4032;5828;3
4033;5546;6
4034;3900;7
4035;7096;6
4036;8761;3
4037;6466;2
4038;1673;5
4039;4055;2
4040;6959;6
4041;4586;6
4042;3827;2
4043;4348;6
4044;6225;6
4045;2284;1
4046;5837;3
4047;7219;4
4048;6351;5
4049;2182;2
4050;1590;2
4051;5982;6
4052;8643;7
4053;2886;4
4054;3113;2
4055;8926;6
4056;4426;6
4057;2283;5
4058;7438;4
4059;4105;5
4060;5527;3
4061;4837;5
4062;8254;2
4063;7080;1
4064;6049;6
4065;5691;6
4066;3069;1
4067;1578;1
4068;8502;4
4069;7406;5
4070;8025;5
4071;4100;3
4072;2217;5
4073;6089;2
4074;3537;1
4075;1413;5
4076;5032;4
4077;6581;1
4078;3808;6
4079;3452;3
4080;8769;2
4081;8026;1
4082;2819;4
4083;5571;7
4084;1359;7
4085;4576;1
4086;4976;3
4087;8720;5
4088;3718;4
4089;6370;4
4090;4245;5
4091;2558;2
4092;5588;3
4093;7171;2
4094;3584;1
4095;3276;3
4096;4321;5
4097;1154;1
4098;8675;3
4099;6673;6
4100;1286;7
4101;5676;7
4102;6772;4
4103;4717;4
4104;1241;4
4105;3997;3
4106;7766;4
4107;5562;5
4108;8030;3
4109;1834;2
4110;1996;2
4111;6794;1
4112;4844;7
4113;6418;6
4114;3675;3
4115;6200;5
4116;2255;5
4117;3714;7
4118;7472;2
4119;3128;4
4120;6305;1
4121;1536;7
4122;7533;6
4123;3737;2
4124;6495;4
4125;5540;1
4126;2026;6
4127;4710;3
4128;7008;4
4129;2927;6
4130;8812;4
4131;4461;3
4132;2723;5
4133;3466;1
4134;7016;6
4135;6261;5
4136;3927;2
4137;5622;3
4138;1749;7
4139;4376;1
4140;4774;1
4141;2507;4
4142;8886;5
4143;6006;6
4144;1038;1
4145;2409;1
4146;7025;6
4147;5656;6
4148;3668;3
4149;4134;6
4150;4932;6
4151;6636;4
4152;7005;2
4153;3294;7
4154;5130;3
4155;4094;6
4156;6269;7
4157;3266;6
4158;1257;2
4159;4991;4
4160;5804;4
4161;8073;1
4162;7693;1
4163;6733;1
4164;7447;5
4165;4756;3
4166;6098;5
4167;8184;5
4168;2096;2
4169;4153;2
4170;5925;3
4171;2524;6
4172;5893;6
4173;5357;3
4174;2610;1
4175;4812;4
4176;1099;7
4177;4387;7
4178;3396;1
4179;3632;1
4180;7502;2
4181;4475;1
4182;4104;7
4183;2451;4
4184;6904;1
4185;8067;1
4186;3077;2
4187;2598;1
4188;8713;4
4189;2387;1
4190;6534;3
4191;3797;5
4192;7822;2
4193;4162;2
4194;1829;2
4195;7714;6
4196;4982;1
4197;3950;1
4198;4172;3
4199;3788;1
4200;8953;5
4201;6235;7
4202;1974;1
4203;4302;3
4204;4647;7
4205;5559;5
4206;1835;4
4207;4067;2
4208;5620;3
4209;5257;2
4210;1009;7
4211;4685;3
4212;6175;1
4213;6292;2
4214;6380;3
4215;5612;3
4216;8905;4
4217;6670;3
4218;4704;2
4219;1005;6
4220;4748;7
4221;7732;4
4222;5956;3
4223;4413;6
4224;2852;5
4225;4451;5
4226;2868;6
4227;1219;1
4228;1987;5
4229;8422;7
4230;1239;2
4231;5350;4
4232;8753;1
4233;4461;2
4234;8565;4
4235;6947;5
4236;6089;5
4237;4079;1
4238;4491;3
4239;8432;7
4240;5385;4
4241;1692;1
4242;7399;4
4243;1974;1
4244;8050;4
4245;8717;6
4246;8349;1
4247;2835;3
4248;3000;5
4249;3047;4
4250;3908;2
4251;1420;3
4252;7730;4
4253;1861;2
4254;8124;6
4255;1462;4
4256;7190;6
4257;7463;4
4258;4218;5
4259;2315;7
4260;4926;6
4261;2008;5
4262;6381;5
4263;2669;1
4264;4833;4
4265;2564;1
4266;1061;6
4267;3280;6
4268;8953;7
4269;4181;4
4270;6390;3
4271;7637;4
4272;5783;1
4273;3548;3
4274;7874;2
4275;6566;4
4276;6281;1
4277;6485;4
4278;1665;4
4279;7583;5
4280;2517;5
4281;3185;1
4282;3435;3
4283;7122;2
4284;8124;3
4285;1724;4
4286;3958;3
4287;4157;7
4288;5697;2
4289;6721;6
4290;4891;2
4291;1563;6
4292;5935;4
4293;2720;1
4294;6582;3
4295;8898;4
4296;8269;5
4297;6340;6
4298;3707;1
4299;5912;7
4300;3360;6
4301;2207;6
4302;4953;7
4303;7006;7
4304;2240;7
4305;5153;6
4306;7332;6
4307;6780;6
4308;7510;3
4309;2320;1
4310;4801;4
4311;8762;3
4312;3046;1
4313;3556;6
4314;4469;3
4315;2016;6
4316;1166;4
4317;2920;6
4318;6486;4
4319;8079;4
4320;5039;4
4321;1128;7
4322;8200;7
4323;1944;2
4324;4705;3
4325;3260;3
4326;5559;3
4327;7777;7
4328;1982;4
4329;7697;1
4330;5515;2
4331;3092;2
4332;8533;5
4333;1041;7
4334;8403;4
4335;3679;1
4336;2975;1
4337;6180;4
4338;1329;1
4339;1310;7
4340;4758;6
4341;8008;5
4342;5146;7
4343;5914;3
4344;4805;3
4345;4558;2
4346;7649;7
4347;4479;6
4348;5231;5
4349;2103;1
4350;4628;6
4351;7544;3
4352;3869;7
4353;4104;7
4354;1445;2
4355;3780;2
4356;2619;2
4357;2494;5
4358;2296;2
4359;4566;2
4360;7358;1
4361;4364;1
4362;4213;5
4363;8409;4
4364;8486;2
4365;6242;4
4366;7938;2
4367;1243;1
4368;5107;6
4369;2570;2
4370;7526;4
4371;4929;1
4372;6657;7
4373;8007;1
4374;5911;1
4375;5442;3
4376;2171;6
4377;3738;5
4378;6283;1
4379;1144;6
4380;8698;6
4381;6268;6
4382;3651;6
4383;1894;5
4384;4266;1
4385;4937;4
4386;8963;7
4387;3099;6
4388;8374;3
4389;6013;2
4390;4920;5
4391;4678;2
4392;7185;3
4393;3286;2
4394;4663;3
4395;8294;5
4396;4413;7
4397;5676;1
4398;8695;6
4399;5813;2
4400;7763;5
4401;6237;4
4402;1872;1
4403;2315;1
4404;7137;3
4405;3995;3
4406;3522;2
4407;4048;7
4408;4237;1
4409;2319;7
4410;2480;4
4411;7594;4
4412;8301;4
4413;4406;1
4414;2232;2
4415;5230;4
4416;4165;7
4417;6279;4
4418;5136;2
4419;3495;2
4420;6345;2
4421;3551;5
4422;1832;3
4423;4601;6
4424;2828;2
4425;8040;6
4426;7957;6
4427;2040;2
4428;6341;4
4429;5899;2
4430;1157;2
4431;3405;3
4432;2140;4
4433;6980;1
4434;1850;2
4435;5689;5
4436;1362;4
4437;5706;7
4438;7804;3
4439;6088;7
4440;8529;1
4441;7143;7
4442;3110;7
4443;5954;4
4444;3062;2
4445;2244;5
4446;4219;3
4447;3794;2
4448;6402;5
4449;6235;7
4450;7579;2
4451;7627;6
4452;8012;7
4453;4639;2
4454;7431;3
4455;3858;2
4456;1554;4
4457;3915;3
4458;8186;6
4459;4932;5
4460;5694;2
4461;7265;4
4462;4469;5
4463;2249;7
4464;5072;6
4465;5006;3
4466;6930;1
4467;1501;5
4468;7348;2
4469;1568;4
4470;5926;2
4471;7260;5
4472;4838;3
4473;2695;1
4474;1230;5
4475;3173;5
4476;2003;2
4477;5681;1
4478;7029;5
4479;5661;1
4480;4758;7
4481;2885;5
4482;8193;2
4483;7098;4
4484;5247;4
4485;6231;2
4486;3224;5
4487;3889;3
4488;4629;2
4489;2643;1
4490;8300;7
4491;4993;2
4492;5851;6
4493;7794;2
4494;2143;3
4495;7150;6
4496;7721;1
4497;8522;7
4498;7230;1
4499;7450;6
4500;1657;5
4501;8570;4
4502;8189;5
4503;8461;7
4504;6215;1
4505;7102;6
4506;1352;6
4507;6612;2
4508;1029;3
4509;6157;3
4510;8039;7
4511;6643;6
4512;6733;1
4513;1205;5
4514;7927;3
4515;2127;5
4516;5920;3
4517;2099;5
4518;7559;6
4519;6071;6
4520;5970;1
4521;1799;3
4522;8764;6
4523;2139;6
4524;7573;6
4525;4504;7
4526;5552;3
4527;4274;5
4528;2568;4
4529;5689;3
4530;3612;1
4531;2068;4
4532;4959;2
4533;8639;2
4534;3679;7
4535;4261;4
4536;6438;6
4537;2071;7
4538;5771;3
4539;4688;6
4540;4049;4
4541;2324;1
4542;8838;7
4543;4713;3
4544;4222;7
4545;1506;4
4546;8779;6
4547;1905;5
4548;3872;2
4549;7647;6
4550;6667;4
4551;4762;1
4552;4711;4
4553;4655;1
4554;8488;3
4555;4746;3
4556;1726;3
4557;1691;1
4558;6974;6
4559;8064;4
4560;5128;1
4561;6810;7
4562;1444;2
4563;3062;1
4564;7045;3
4565;4494;7
4566;3578;1
4567;2864;4
4568;2021;6
4569;1545;2
4570;7139;7
4571;1572;7
4572;1713;3
4573;8314;7
4574;2837;5
4575;5480;2
4576;7742;3
4577;7555;4
4578;7069;6
4579;6563;6
4580;1390;4
4581;5007;6
4582;6353;2
4583;1638;2
4584;4934;4
4585;1800;2
4586;5938;7
4587;3991;1
4588;6417;6
4589;1792;2
4590;1475;6
4591;8862;3
4592;6168;3
4593;2992;7
4594;7080;7
4595;4404;5
4596;7343;6
4597;3026;3
4598;4240;5
4599;5211;7
4600;1505;4
4601;2396;3
4602;8828;6
4603;7604;6
4604;5190;7
4605;1943;7
4606;6295;4
4607;7278;4
4608;7445;1
4609;5239;5
4610;2552;3
4611;8968;2
4612;8348;6
4613;5172;2
4614;5827;6
4615;1688;5
4616;5282;2
4617;2183;3
4618;7397;6
4619;1699;6
4620;1173;4
4621;5712;4
4622;8150;1
4623;7293;6
4624;8295;5
4625;8898;5
4626;2807;6
4627;4014;3
4628;5074;5
4629;1503;7
4630;5036;4
4631;3703;3
4632;3570;7
4633;6704;5
4634;8044;1
4635;2732;7
4636;2343;4
4637;5299;1
4638;6727;1
4639;6015;7
4640;4705;2
4641;5998;7
4642;3488;2
4643;3914;1
4644;6832;1
4645;7913;3
4646;2917;7
4647;3364;5
4648;1973;2
4649;2108;7
4650;3815;2
4651;5542;1
4652;7569;6
4653;5645;3
4654;1445;3
4655;5390;1
4656;7942;3
4657;3704;5
4658;7168;3
4659;2378;1
4660;3431;7
4661;6517;4
4662;3900;4
4663;5185;4
4664;8649;1
4665;4377;3
4666;7276;6
4667;4449;5
4668;5727;4
4669;7024;3
4670;7099;1
4671;6277;2
4672;4043;4
4673;7878;6
4674;6707;4
4675;5878;2
4676;4025;5
4677;4978;7
4678;8594;6
4679;7173;7
4680;1161;6
4681;6469;4
4682;5671;6
4683;8511;3
4684;2722;5
4685;5006;5
4686;7459;4
4687;6345;1
4688;4217;3
4689;1622;5
4690;4207;3
4691;5707;7
4692;7256;7
4693;1509;2
4694;6111;4
4695;8058;2
4696;8066;2
4697;5294;6
4698;4684;3
4699;8947;6
4700;3847;3
4701;2087;6
4702;7083;2
4703;8783;7
4704;7396;3
4705;5002;4
4706;1319;7
4707;3322;1
4708;6688;4
4709;3698;2
4710;7165;1
4711;3334;7
4712;1351;5
4713;2402;4
4714;4790;5
4715;2351;3
4716;2300;7
4717;4345;1
4718;3060;6
4719;2653;4
4720;7423;3
4721;8562;5
4722;5400;5
4723;7054;5
4724;5101;1
4725;8002;2
4726;7750;2
4727;7904;2
4728;3412;2
4729;3043;7
4730;1561;5
4731;3232;5
4732;5505;3
4733;1271;6
4734;8043;2
4735;3844;5
4736;6216;2
4737;8016;4
4738;2334;7
4739;1354;5
4740;3270;6
4741;3477;3
4742;8232;6
4743;1134;7
4744;8842;3
4745;8101;4
4746;3886;6
4747;8277;2
4748;7276;1
4749;1143;4
4750;2198;1
4751;7923;6
4752;8209;7
4753;7648;3
4754;8145;5
4755;4430;4
4756;7765;5
4757;3125;7
4758;6310;7
4759;1497;2
4760;2783;6
4761;8868;7
4762;1102;4
4763;7099;4
4764;5146;1
4765;5821;3
4766;7988;3
4767;8971;5
4768;3837;4
4769;4495;7
4770;3857;5
4771;1872;5
4772;2999;6
4773;7764;6
4774;5357;7
4775;8876;2
4776;6996;4
4777;7881;4
4778;4812;3
4779;6000;6
4780;8055;5
4781;2891;3
4782;8857;2
4783;6961;3
4784;6904;3
4785;1925;4
4786;1728;6
4787;5060;2
4788;4759;5
4789;5480;6
4790;7349;1
4791;3557;3
4792;3153;5
4793;7022;5
4794;7454;5
4795;4057;6
4796;2791;4
4797;5079;7
4798;6177;5
4799;8389;3
4800;8632;5
4801;3350;7
4802;5720;2
4803;7107;4
4804;4955;3
4805;3854;5
4806;3197;2
4807;7856;5
4808;7387;3
4809;3298;3
4810;1439;2
4811;4180;7
4812;3740;6
4813;2526;2
4814;4647;5
4815;4702;7
4816;6404;1
4817;8251;7
4818;4594;4
4819;3645;1
4820;6852;5
4821;6633;1
4822;5650;7
4823;5871;3
4824;5444;1
4825;3850;7
4826;6490;6
4827;4554;2
4828;7432;2
4829;6967;6
4830;2549;3
4831;7694;2
4832;5430;5
4833;3411;3
4834;1306;2
4835;5741;6
4836;2355;7
4837;1268;7
4838;3272;5
4839;4935;5
4840;4857;7
4841;5440;6
4842;4536;5
4843;7014;1
4844;2274;7
4845;8825;3
4846;5807;4
4847;6672;4
4848;6311;1
4849;7814;6
4850;7289;6
4851;7841;3
4852;5825;3
4853;8966;7
4854;7792;4
4855;8800;5
4856;7418;1
4857;8419;6
4858;1971;1
4859;8755;4
4860;2128;4
4861;1455;7
4862;8025;5
4863;4610;1
4864;6918;7
4865;5939;5
4866;7675;7
4867;8729;4
4868;5065;6
4869;7222;4
4870;1308;3
4871;5952;4
4872;7650;5
4873;4564;7
4874;6490;4
4875;4057;6
4876;6344;1
4877;8410;7
4878;8652;1
4879;7566;2
4880;7136;7
4881;7258;1
4882;1176;3
4883;8339;1
4884;8770;4
4885;3309;4
4886;8201;4
4887;7583;7
4888;4368;2
4889;4764;5
4890;6945;2
4891;2291;4
4892;8746;6
4893;2849;6
4894;6791;3
4895;2275;7
4896;4051;5
4897;2710;4
4898;1996;4
4899;4976;5
4900;4549;5
4901;1781;6
4902;3392;4
4903;1961;6
4904;4995;5
4905;4971;6
4906;2590;6
4907;1385;5
4908;5858;5
4909;6499;6
4910;2236;2
4911;8696;5
4912;8916;6
4913;2753;6
4914;4128;6
4915;8837;3
4916;7801;2
4917;1459;4
4918;2713;7
4919;8762;4
4920;5112;1
4921;5869;7
4922;4177;3
4923;5259;2
4924;3806;6
4925;5886;2
4926;7529;4
4927;8463;1
4928;5526;5
4929;8870;7
4930;3586;1
4931;1071;5
4932;1580;3
4933;3710;2
4934;8194;5
4935;6203;4
4936;6293;3
4937;8064;5
4938;6906;5
4939;2553;6
4940;2530;5
4941;5642;1
4942;2708;7
4943;6016;7
4944;6704;1
4945;8582;7
4946;7844;2
4947;8976;5
4948;3408;5
4949;4149;4
4950;6561;4
4951;6477;2
4952;5663;6
4953;8679;3
4954;2119;6
4955;6958;6
4956;4441;6
4957;8601;7
4958;3186;7
4959;6868;2
4960;2674;7
4961;8288;5
4962;1336;7
4963;7746;3
4964;8632;4
4965;3243;5
4966;2063;6
4967;7722;7
4968;4754;2
4969;1301;3
4970;6545;5
4971;5547;7
4972;3425;3
4973;8851;2
4974;7005;2
4975;2718;4
4976;7448;6
4977;6427;1
4978;1158;1
4979;7129;5
4980;6165;6
4981;2523;5
4982;6899;3
4983;1233;7
4984;3756;4
4985;8947;6
4986;2274;6
4987;8962;1
4988;2053;1
4989;2960;4
4990;8292;6
4991;7787;1
4992;7079;7
4993;4487;1
4994;3349;3
4995;7495;1
4996;6402;7
4997;2846;3
4998;8655;5
4999;7601;7
5000;6140;2
5001;2375;1
5002;7262;5
5003;8107;7
5004;8707;1
5005;4036;5
5006;1196;5
5007;3449;5
5008;3934;4
5009;4546;5
5010;6765;7
5011;8510;3
5012;8089;6
5013;2661;5
5014;7514;7
5015;7036;1
5016;1869;5
5017;7015;4
5018;4230;4
5019;4193;7
5020;5522;7
5021;2014;6
5022;8083;2
5023;2239;2
5024;4819;1
5025;7783;2
5026;4178;2
5027;7166;4
5028;2042;7
5029;7150;4
5030;1467;4
5031;6808;6
5032;5298;1
5033;1109;6
5034;2364;7
5035;5159;3
5036;6856;3
5037;8213;5
5038;7175;1
5039;7902;2
5040;6068;2
5041;5927;5
5042;6567;2
5043;7391;2
5044;8617;3
5045;6466;4
5046;3678;1
5047;3659;3
5048;5322;6
5049;3963;1
5050;2953;3
5051;5760;4
5052;6745;4
5053;3910;5
5054;1397;1
5055;8721;6
5056;4187;2
5057;4346;1
5058;5972;5
5059;4487;5
5060;3474;6
5061;5087;3
5062;5426;7
5063;3267;6
5064;6904;5
5065;5330;1
5066;8493;6
5067;8299;2
5068;3290;3
5069;6921;2
5070;3069;3
5071;5327;2
5072;2673;6
5073;4438;7
5074;7065;5
5075;4284;2
5076;4140;3
5077;7587;6
5078;3489;3
5079;1680;1
5080;5977;4
5081;7263;5
5082;7557;2
5083;2328;6
5084;2466;2
5085;1571;3
5086;8292;7
5087;1047;5
5088;1915;7
5089;3927;5
5090;5914;6
5091;7264;1
5092;4345;2
5093;4554;3
5094;7643;1
5095;6657;6
5096;5858;1
5097;5981;2
5098;5335;2
5099;3801;7
5100;4542;4
5101;4734;3
5102;4862;4
5103;3065;6
5104;6248;7
5105;3428;3
5106;6148;7
5107;1038;3
5108;1747;7
5109;4726;3
5110;8079;2
5111;2238;6
5112;8290;7
5113;1397;4
5114;3466;3
5115;1949;6
5116;3663;7
5117;6308;6
5118;8255;2
5119;8645;7
5120;7004;3
5121;8521;4
5122;6849;3
5123;6797;2
5124;8653;1
5125;8048;3
5126;8702;7
5127;7445;4
5128;3960;3
5129;2276;1
5130;1742;3
5131;4123;6
5132;7718;7
5133;5334;2
5134;7028;7
5135;2891;5
5136;3000;5
5137;2709;5
5138;5612;6
5139;4737;5
5140;1720;5
5141;7724;6
5142;3118;6
5143;1102;4
5144;1441;5
5145;4752;4
5146;8338;3
5147;2701;6
5148;2612;6
5149;2540;4
5150;6535;5
5151;4531;4
5152;1521;2
5153;4485;7
5154;2536;6
5155;8269;2
5156;2127;7
5157;2120;6
5158;6740;7
5159;2947;4
5160;7519;5
5161;4027;7
5162;1027;5
5163;5338;3
5164;7138;2
5165;7535;4
5166;6465;5
5167;4346;2
5168;7106;2
5169;4918;1
5170;2415;1
5171;3459;5
5172;2733;1
5173;4445;1
5174;7836;3
5175;4097;5
5176;8784;2
5177;6850;3
5178;2899;2
5179;8821;5
5180;6298;6
5181;1243;7
5182;6084;1
5183;7506;4
5184;3002;1
5185;6163;3
5186;3971;7
5187;1744;4
5188;7673;7
5189;7303;7
5190;2026;6
5191;8660;5
5192;6340;6
5193;3693;7
5194;2336;7
5195;6686;3
5196;1526;4
5197;3281;7
5198;6510;2
5199;6876;4
5200;5186;7
5201;4636;1
5202;4773;5
5203;7121;1
5204;8582;7
5205;4445;1
5206;2279;4
5207;3657;4
5208;6641;3
5209;5236;5
5210;7815;4
5211;5684;4
5212;8413;6
5213;8553;1
5214;6060;1
5215;5151;4
5216;6198;3
5217;7441;2
5218;8751;3
5219;4040;7
5220;1022;7
5221;5459;2
5222;5981;5
5223;7243;6
5224;8071;5
5225;6715;2
5226;8472;7
5227;8561;1
5228;8265;7
5229;4788;6
5230;7059;3
5231;4763;3
5232;1382;4
5233;6183;2
5234;8487;3
5235;2369;1
5236;6638;7
5237;2756;3
5238;8412;3
5239;2960;7
5240;5821;4
5241;7028;4
5242;2984;6
5243;1528;4
5244;2520;3
5245;3211;3
5246;5747;3
5247;4229;7
5248;3557;7
5249;3429;2
5250;8794;5
5251;5725;1
5252;1348;5
5253;1190;6
5254;3950;5
5255;8733;6
5256;4343;3
5257;6045;5
5258;4501;5
5259;6947;3
5260;5758;1
5261;1881;2
5262;8000;3
5263;3749;5
5264;5792;2
5265;7287;3
5266;4413;2
5267;4843;7
5268;2975;6
5269;6823;4
5270;1557;4
5271;6751;3
5272;3614;5
5273;2487;2
5274;3607;2
5275;1996;4
5276;2695;3
5277;1140;3
5278;5295;2
5279;7624;5
5280;8630;7
5281;8736;6
5282;3356;6
5283;7615;3
5284;3171;2
5285;8023;3
5286;7937;3
5287;8893;1
5288;5238;1
5289;5195;1
5290;1273;7
5291;2438;2
5292;2181;4
5293;6864;5
5294;4740;3
5295;3622;5
5296;5078;5
5297;2212;2
5298;5002;3
5299;5644;5
5300;1991;1
5301;5106;3
5302;2504;2
5303;7522;2
5304;6655;7
5305;4976;7
5306;4254;5
5307;6923;6
5308;6343;5
5309;6262;7
5310;2349;1
5311;2294;5
5312;8424;1
5313;3375;2
5314;2895;6
5315;7060;3
5316;4372;3
5317;4795;6
5318;4417;5
5319;7812;7
5320;6226;6
5321;3480;3
5322;2727;3
5323;8859;1
5324;8128;3
5325;3870;4
5326;2656;3
5327;3685;2
5328;4985;5
5329;4612;1
5330;4333;2
5331;6585;2
5332;8303;7
5333;3209;4
5334;5550;6
5335;2191;6
5336;8357;7
5337;4194;6
5338;5378;1
5339;6853;7
5340;2203;7
5341;4920;3
5342;1824;3
5343;5616;3
5344;3222;1
5345;8525;2
5346;3686;6
5347;6942;6
5348;4679;7
5349;2995;1
5350;7523;4
5351;5412;3
5352;6597;5
5353;3058;4
5354;2051;4
5355;6212;2
5356;1514;5
5357;2482;1
5358;7356;7
5359;8937;5
5360;8836;7
5361;5164;5
5362;4457;3
5363;7919;1
5364;3773;7
5365;4187;2
5366;2187;6
5367;4333;1
5368;5409;4
5369;5921;6
5370;4429;7
5371;4794;6
5372;1776;2
5373;2956;3
5374;1019;6
5375;1267;2
5376;1475;4
5377;5594;1
5378;2004;2
5379;6051;6
5380;2935;6
5381;4744;6
5382;1919;2
5383;5711;6
5384;5419;2
5385;8969;1
5386;8690;3
5387;6389;1
5388;4643;3
5389;1592;2
5390;5485;4
5391;7321;5
5392;3487;6
5393;8078;5
5394;6297;2
5395;3587;1
5396;6544;6
5397;4159;5
5398;6975;7
5399;5018;1
5400;4146;3
5401;6049;3
5402;2739;1
5403;2571;2
5404;1578;5
5405;6778;2
5406;6480;2
5407;6699;2
5408;1813;5
5409;3192;2
5410;6481;5
5411;1513;4
5412;5189;6
5413;2045;7
5414;3590;1
5415;8724;7
5416;1957;6
5417;3839;6
5418;7523;2
5419;6361;6
5420;2233;2
5421;1381;7
5422;2799;4
5423;3755;7
5424;1117;6
5425;2249;6
5426;2533;3
5427;2957;2
5428;1275;7
5429;8706;1
5430;2590;6
5431;3093;7
5432;3438;7
5433;7580;7
5434;5422;7
5435;5613;4
5436;6386;1
5437;7612;6
5438;4849;1
5439;6082;7
5440;6016;4
5441;6217;5
5442;8422;5
5443;2322;1
5444;5847;5
5445;1119;4
5446;2484;1
5447;6731;4
5448;3136;1
5449;2544;4
5450;3069;6
5451;6705;1
5452;4435;3
5453;2486;1
5454;3243;7
5455;8030;4
5456;5803;2
5457;8322;3
5458;6303;5
5459;2804;1
5460;4060;6
5461;8039;7
5462;2998;2
5463;5813;7
5464;1772;2
5465;5154;4
5466;6393;6
5467;7943;2
5468;7538;5
5469;6527;5
5470;6742;4
5471;8869;7
5472;2934;7
5473;3469;3
5474;7765;7
5475;8934;3
5476;4120;1
5477;7331;6
5478;4375;5
5479;3405;3
5480;2689;7
5481;1066;1
5482;5560;5
5483;2237;7
5484;4615;7
5485;7977;4
5486;5432;6
5487;3338;4
5488;2109;6
5489;1795;1
5490;3066;4
5491;2449;3
5492;1685;7
5493;3943;4
5494;2016;3
5495;3787;7
5496;3888;5
5497;6245;3
5498;4856;2
5499;1866;3
5500;4676;2
5501;6940;6
5502;4488;3
5503;3672;6
5504;5997;3
5505;1234;7
5506;6085;4
5507;2092;5
5508;1341;6
5509;8346;4
5510;4262;3
5511;4935;5
5512;1865;6
5513;8000;2
5514;3811;6
5515;4353;7
5516;1612;3
5517;5504;3
5518;3635;6
5519;2513;4
5520;4358;1
5521;3803;3
5522;7050;1
5523;7472;2
5524;7646;7
5525;6053;6
5526;1060;1
5527;4561;6
5528;4281;1
5529;4072;7
5530;2345;7
5531;2595;1
5532;4564;2
5533;4301;6
5534;4745;2
5535;2511;7
5536;4308;5
5537;6069;1
5538;4185;7
5539;4025;1
5540;4229;1
5541;1896;4
5542;4294;7
5543;7984;1
5544;8223;7
5545;4855;4
5546;1541;4
5547;2283;1
5548;2701;6
5549;7585;6
5550;1628;6
5551;7240;1
5552;4008;6
5553;5677;4
5554;6343;4
5555;8515;1
5556;5483;7
5557;1689;5
5558;8213;3
5559;1593;7
5560;2850;2
5561;5199;6
5562;5039;7
5563;5059;2
5564;1482;3
5565;4759;4
5566;4651;5
5567;4367;6
5568;4295;6
5569;6686;6
5570;5141;1
5571;3542;4
5572;2587;4
5573;7021;5
5574;7332;4
5575;7080;4
5576;5677;2
5577;3204;1
5578;2319;4
5579;7444;4
5580;3320;5
5581;6310;1
5582;2236;5
5583;4086;4
5584;2341;2
5585;3281;4
5586;4149;1
5587;1584;3
5588;7464;1
5589;5860;7
5590;2815;3
5591;4062;6
5592;7353;3
5593;2726;1
5594;3989;1
5595;3928;7
5596;3085;3
5597;5727;7
5598;7624;4
5599;2358;1
5600;6995;7
5601;3365;3
5602;5741;7
5603;3839;3
5604;7610;7
5605;6908;2
5606;6643;1
5607;7665;7
5608;5144;7
5609;8832;6
5610;2663;7
5611;2278;7
5612;2112;1
5613;5115;3
5614;1958;7
5615;6243;1
5616;1234;7
5617;2047;6
5618;7901;4
5619;2950;3
5620;4271;4
5621;2645;1
5622;2145;1
5623;8411;2
5624;6320;5
5625;2842;5
5626;1482;6
5627;7131;1
5628;3020;1
5629;4170;6
5630;8098;5
5631;7956;7
5632;2656;3
5633;1202;3
5634;4247;1
5635;7974;7
5636;1493;7
5637;7115;3
5638;7926;1
5639;1991;2
5640;4146;3
5641;7863;4
5642;2849;2
5643;3492;3
5644;5279;5
5645;6669;2
5646;8549;2
5647;2669;1
5648;2676;7
5649;8245;6
5650;2768;4
5651;1185;6
5652;1637;3
5653;6607;5
5654;1058;4
5655;8963;6
5656;3288;6
5657;4681;4
5658;3688;5
5659;8650;4
5660;3513;3
5661;7805;7
5662;5113;5
5663;8482;6
5664;6573;4
5665;6408;3
5666;3007;7
5667;6158;5
5668;2952;7
5669;7517;4
5670;2397;3
5671;2018;4
5672;3117;3
5673;3206;7
5674;2331;5
5675;4742;4
5676;4571;7
5677;7108;1
5678;4155;6
5679;4309;1
5680;4115;5
5681;6750;3
5682;1949;5
5683;6157;7
5684;5644;3
5685;1251;3
5686;1218;5
5687;8535;7
5688;6246;1
5689;7696;1
5690;3261;3
5691;8417;1
5692;6384;6
5693;5620;3
5694;7153;1
5695;1521;4
5696;6666;4
5697;4452;7
5698;4282;7
5699;8987;7
5700;5066;3
5701;8636;5
5702;7872;2
5703;8805;7
5704;1703;7
5705;6062;2
5706;3384;2
5707;6860;2
5708;2285;3
5709;1417;3
5710;8454;5
5711;8645;4
5712;2176;2
5713;5448;4
5714;8258;1
5715;6954;1
5716;8695;5
5717;7333;7
5718;7066;6
5719;5378;6
5720;5860;7
5721;8987;6
5722;7684;1
5723;5392;5
5724;4537;7
5725;6173;1
5726;8337;5
5727;6478;1
5728;6435;2
5729;8662;5
5730;6426;3
5731;5097;1
5732;6298;4
5733;4768;1
5734;7617;4
5735;8603;7
5736;6658;4
5737;6407;6
5738;6156;7
5739;3846;4
5740;8556;6
5741;1083;2
5742;4203;5
5743;2119;5
5744;3578;4
5745;7143;5
5746;1655;5
5747;5399;6
5748;2216;7
5749;6885;5
5750;3777;2
5751;4663;7
5752;5553;1
5753;6664;1
5754;6091;7
5755;8274;2
5756;8984;1
5757;6166;4
5758;1672;3
5759;4166;5
5760;1305;4
5761;3584;7
5762;8582;7
5763;6431;2
5764;8873;5
5765;1972;2
5766;6443;6
5767;7889;5
5768;7577;1
5769;3902;5
5770;4042;4
5771;3632;4
5772;5607;5
5773;7783;2
5774;1361;6
5775;2475;6
5776;2429;1
5777;5929;2
5778;2722;1
5779;3084;7
5780;8974;4
5781;1345;3
5782;1085;2
5783;1024;4
5784;6756;1
5785;2841;3
5786;7339;7
5787;3503;7
5788;5941;6
5789;6984;1
5790;8182;3
5791;6420;7
5792;5771;1
5793;4802;5
5794;2543;5
5795;5086;2
5796;1377;6
5797;6195;3
5798;7667;7
5799;2551;5
5800;8884;4
5801;6287;2
5802;2789;1
5803;7508;3
5804;3219;7
5805;3892;1
5806;6088;2
5807;3293;1
5808;7770;1
5809;8347;2
5810;2529;1
5811;3292;4
5812;6233;6
5813;4496;1
5814;2584;3
5815;4642;4
5816;2629;5
5817;2726;2
5818;3517;4
5819;3024;4
5820;5655;3
5821;5230;3
5822;1185;5
5823;6046;6
5824;3593;4
5825;1576;3
5826;8679;1
5827;5168;2
5828;3259;6
5829;8962;2
5830;6504;2
5831;3833;5
5832;7906;6
5833;1528;4
5834;5766;6
5835;5597;5
5836;4989;2
5837;4375;3
5838;3515;5
5839;8744;1
5840;8722;6
5841;1346;2
5842;3107;3
5843;5304;1
5844;1437;4
5845;5043;5
5846;4993;6
5847;4090;7
5848;4082;7
5849;3649;6
5850;5635;5
5851;5489;1
5852;3069;5
5853;3330;2
5854;8126;6
5855;1969;2
5856;8778;3
5857;8280;4
5858;3082;4
5859;5042;2
5860;4453;6
5861;6618;2
5862;3802;5
5863;4059;4
5864;2091;5
5865;8078;6
5866;8062;7
5867;3235;1
5868;1216;5
5869;4257;5
5870;2795;4
5871;8007;3
5872;6640;6
5873;6374;4
5874;7847;3
5875;7284;5
5876;6456;1
5877;6386;6
5878;3263;6
5879;1967;4
5880;5487;1
5881;1309;1
5882;4821;1
5883;4392;5
5884;5238;1
5885;7414;7
5886;3352;6
5887;5459;4
5888;1567;2
5889;6822;6
5890;3713;1
5891;3978;4
5892;6092;3
5893;1485;5
5894;5900;4
5895;2825;7
5896;1190;3
5897;8531;6
5898;3955;2
5899;8282;1
5900;6590;7
5901;3963;6
5902;1967;1
5903;1681;7
5904;8888;5
5905;8407;7
5906;6851;4
5907;8311;6
5908;3861;7
5909;4639;5
5910;7767;6
5911;6586;5
5912;7565;7
5913;5145;7
5914;6984;4
5915;6443;2
5916;1642;1
5917;7412;2
5918;4378;7
5919;5230;2
5920;4765;1
5921;5654;2
5922;8690;2
5923;4002;4
5924;7814;5
5925;8681;5
5926;4638;2
5927;4494;2
5928;3818;3
5929;6278;3
5930;2408;3
5931;7271;1
5932;2410;2
5933;1914;3
5934;5793;2
5935;1846;1
5936;4167;6
5937;8728;6
5938;1751;7
5939;1864;5
5940;2593;1
5941;3474;6
5942;5102;4
5943;6283;2
5944;8222;5
5945;3318;6
5946;8416;7
5947;8663;6
5948;8369;7
5949;6049;5
5950;5110;1
5951;1657;3
5952;4929;3
5953;1172;3
5954;4117;7
5955;7329;5
5956;4236;2
5957;6040;4
5958;4094;5
5959;8808;5
5960;7597;2
5961;7343;4
5962;6778;7
5963;1033;1
5964;5565;5
5965;2838;5
5966;1086;1
5967;3203;7
5968;3694;5
5969;5641;6
5970;2113;7
5971;5025;5
5972;6761;3
5973;5128;2
5974;4730;3
5975;4689;5
5976;3692;7
5977;6909;7
5978;1992;7
5979;5981;3
5980;5680;4
5981;2908;6
5982;3187;1
5983;5061;1
5984;7995;2
5985;5063;2
5986;3667;1
5987;6134;5
5988;7216;4
5989;6942;2
5990;6162;7
5991;3028;5
5992;2613;6
5993;8210;2
5994;7512;3
5995;5344;3
5996;2361;2
5997;2268;1
5998;3249;4
5999;3384;4
6000;7687;5
6001;6558;2
6002;3822;1
6003;6767;3
6004;2131;1
6005;5142;7
6006;8283;1
6007;3807;3
6008;3644;3
6009;7401;4
6010;8319;6
6011;1100;4
6012;7703;1
6013;4597;5
6014;2941;4
6015;2549;5
6016;6248;1
6017;2599;5
6018;8248;2
6019;2615;5
6020;8703;1
6021;6533;2
6022;7904;5
6023;6373;1
6024;8641;5
6025;5126;1
6026;4946;5
6027;5089;6
6028;5543;4
6029;4334;5
6030;3184;7
6031;2898;6
6032;2178;4
6033;8509;7
6034;5336;1
6035;3239;4
6036;2406;5
6037;6481;2
6038;7226;4
6039;1293;1
6040;3884;3
6041;2238;2
6042;2239;5
6043;4052;2
6044;1040;6
6045;6437;1
6046;1532;6
6047;5705;5
6048;4385;3
6049;3714;4
6050;5448;7
6051;3588;3
6052;5825;3
6053;3401;1
6054;2220;1
6055;3631;2
6056;7860;2
6057;3574;3
6058;4344;6
6059;2567;6
6060;4359;5
6061;1481;6
6062;7237;1
6063;2168;5
6064;6516;6
6065;2009;7
6066;6502;4
6067;3425;7
6068;1960;2
6069;8306;5
6070;1582;2
6071;8090;4
6072;4169;4
6073;2059;5
6074;5163;7
6075;2391;4
6076;7218;1
6077;8061;5
6078;7588;3
6079;6846;7
6080;3351;6
6081;8065;7
6082;3785;6
6083;4036;5
6084;7137;1
6085;8271;4
6086;1937;7
6087;5601;1
6088;2868;1
6089;3623;3
6090;4662;5
6091;5802;3
6092;6048;1
6093;5871;1
6094;3832;7
6095;8971;1
6096;6648;5
6097;5282;4
6098;7821;4
6099;4773;6
6100;1933;2
6101;8525;4
6102;8860;7
6103;1539;4
6104;3675;4
6105;1085;5
6106;5954;7
6107;4537;7
6108;6199;2
6109;4602;7
6110;2981;5
6111;1418;5
6112;6534;1
6113;6854;4
6114;8019;7
6115;4666;2
6116;5210;7
6117;1417;6
6118;7987;3
6119;6770;6
6120;6598;5
6121;1951;1
6122;5118;4
6123;5578;7
6124;7463;1
6125;4352;1
6126;4288;2
6127;4394;5
6128;2120;3
6129;1398;7
6130;6001;4
6131;6456;6
6132;1330;7
6133;5721;5
6134;3313;4
6135;8307;1
6136;1835;6
6137;4595;2
6138;3622;4
6139;8542;2
6140;8782;4
6141;4565;5
6142;6855;3
6143;8342;1
6144;7142;7
6145;8327;7
6146;6433;6
6147;1892;2
6148;5601;2
6149;4103;2
6150;2063;1
6151;7074;1
6152;2264;4
6153;2797;2
6154;4712;1
6155;8749;2
6156;7386;6
6157;6190;1
6158;1007;6
6159;4345;5
6160;1017;3
6161;6102;4
6162;3559;3
6163;8312;7
6164;1224;5
6165;1697;7
6166;3806;6
6167;8124;6
6168;4726;4
6169;1219;5
6170;7702;4
6171;7666;2
6172;5724;5
6173;8497;1
6174;2362;3
6175;4174;7
6176;5032;7
6177;8211;4
6178;6245;1
6179;8082;4
6180;3361;6
6181;2120;1
6182;2491;4
6183;7153;7
6184;7837;5
6185;1208;7
6186;8250;7
6187;1045;6
6188;7542;2
6189;5063;4
6190;3042;5
6191;4465;6
6192;8699;3
6193;7159;5
6194;1673;1
6195;1919;6
6196;7023;2
6197;2145;3
6198;5891;1
6199;8900;5
6200;1076;2
6201;3388;4
6202;6969;4
6203;8559;2
6204;1012;3
6205;8144;5
6206;6612;3
6207;3885;5
6208;4025;1
6209;7422;7
6210;5167;7
6211;6378;1
6212;3126;5
6213;1986;3
6214;6796;7
6215;7550;7
6216;2035;7
6217;3935;5
6218;6579;5
6219;1017;4
6220;3259;1
6221;2542;5
6222;2056;5
6223;8225;3
6224;3768;4
6225;7826;7
6226;3102;3
6227;5860;2
6228;3436;4
6229;7963;1
6230;2187;6
6231;2891;1
6232;5599;7
6233;7811;1
6234;4375;4
6235;4037;5
6236;7381;6
6237;1470;6
6238;1157;3
6239;2656;4
6240;4691;2
6241;4136;2
6242;1447;1
6243;5297;1
6244;5789;2
6245;8543;5
6246;4339;5
6247;7014;5
6248;1465;2
6249;5395;1
6250;5557;4
6251;7837;3
6252;5991;5
6253;6743;1
6254;1204;3
6255;1685;4
6256;7652;2
6257;8667;7
6258;8719;4
6259;5818;7
6260;4279;5
6261;3473;1
6262;4047;4
6263;6894;4
6264;2037;2
6265;2346;5
6266;1250;3
6267;5011;6
6268;1256;1
6269;8621;3
6270;8737;4
6271;4414;4
6272;3504;6
6273;6134;7
6274;1009;3
6275;3990;5
6276;6955;5
6277;1573;1
6278;8637;2
6279;3585;2
6280;2176;2
6281;8461;1
6282;7628;6
6283;1948;1
6284;5107;4
6285;1771;1
6286;7397;2
6287;8060;2
6288;3741;1
6289;2740;1
6290;5774;5
6291;6167;2
6292;1891;1
6293;5490;6
6294;3018;7
6295;4934;2
6296;4497;2
6297;5685;3
6298;7394;5
6299;3893;7
6300;4054;4
6301;5202;4
6302;7327;6
6303;3687;5
6304;1085;4
6305;4169;6
6306;8532;1
6307;5506;6
6308;4988;7
6309;4431;3
6310;5893;5
6311;6982;3
6312;3883;4
6313;4622;4
6314;4122;7
6315;1981;7
6316;4811;3
6317;5760;6
6318;1568;7
6319;1337;6
6320;3570;2
6321;1778;7
6322;2440;7
6323;8086;1
6324;1790;2
6325;5236;1
6326;5499;6
6327;7586;3
6328;5118;3
6329;5206;4
6330;8843;3
6331;4172;5
6332;8346;1
6333;4446;1
6334;3553;6
6335;8365;4
6336;3048;6
6337;3488;7
6338;4014;5
6339;7868;7
6340;4697;6
6341;3657;3
6342;1233;5
6343;8772;1
6344;1515;7
6345;8889;1
6346;4079;5
6347;4163;1
6348;8904;7
6349;1666;1
6350;5147;1
6351;3587;2
6352;3656;7
6353;7614;4
6354;5767;5
6355;7622;7
6356;1125;5
6357;3243;2
6358;8148;4
6359;1162;1
6360;7353;2
6361;3513;2
6362;1668;3
6363;6565;7
6364;3691;1
6365;7279;4
6366;6409;1
6367;5244;5
6368;7448;5
6369;1844;4
6370;3298;5
6371;1944;4
6372;6424;2
6373;8287;2
6374;2325;7
6375;4987;7
6376;2871;7
6377;3797;4
6378;8602;4
6379;8226;2
6380;5330;5
6381;2759;6
6382;4548;4
6383;6282;4
6384;4767;5
6385;7696;2
6386;5020;5
6387;5433;6
6388;8646;6
6389;4281;1
6390;2423;1
6391;5487;7
6392;2788;5
6393;7591;2
6394;3737;5
6395;4446;2
6396;1433;4
6397;7492;6
6398;7614;4
6399;6598;3
6400;5107;2
6401;2045;6
6402;6953;4
6403;5873;3
6404;3454;5
6405;4052;1
6406;2753;5
6407;2665;5
6408;3990;5
6409;3115;2
6410;3372;7
6411;3657;5
6412;7267;2
6413;6145;5
6414;7385;5
6415;5242;1
6416;2775;2
6417;5552;1
6418;2841;7
6419;4384;6
6420;6352;3
6421;5108;5
6422;7525;4
6423;8807;1
6424;8039;3
6425;2499;3
6426;6766;6
6427;1204;6
6428;8991;5
6429;1243;2
6430;1324;6
6431;5002;3
6432;3760;7
6433;8987;6
6434;3420;5
6435;5296;4
6436;8065;1
6437;8422;4
6438;2850;6
6439;3744;1
6440;7166;5
6441;2773;7
6442;3137;4
6443;6340;4
6444;6088;6
6445;8358;1
6446;2678;7
6447;5530;1
6448;1901;6
6449;3117;3
6450;6936;6
6451;3862;6
6452;8415;4
6453;5418;4
6454;5947;4
6455;7266;5
6456;3618;5
6457;2232;4
6458;8094;1
6459;2118;2
6460;6902;4
6461;3723;3
6462;2678;2
6463;7411;5
6464;1231;1
6465;1314;5
6466;6640;6
6467;5017;5
6468;5953;1
6469;8649;5
6470;7837;3
6471;6717;2
6472;8346;1
6473;4331;2
6474;8470;4
6475;4376;6
6476;8821;7
6477;1351;2
6478;7089;3
6479;1749;3
6480;3862;4
6481;3196;3
6482;6954;2
6483;3963;3
6484;3141;6
6485;2181;1
6486;1870;2
6487;3684;5
6488;3970;3
6489;7898;7
6490;2985;4
6491;8946;5
6492;1345;5
6493;2988;2
6494;8143;1
6495;2405;5
6496;4824;6
6497;1521;4
6498;1666;7
6499;5455;2
6500;4669;6
6501;4497;2
6502;5956;4
6503;3120;5
6504;4095;1
6505;6331;6
6506;1203;4
6507;4691;1
6508;7646;2
6509;8840;7
6510;3061;1
6511;7633;2
6512;1560;2
6513;2346;7
6514;5347;2
6515;5748;7
6516;7525;7
6517;8254;7
6518;1300;7
6519;6491;4
6520;5117;2
6521;1543;3
6522;3349;4
6523;7354;2
6524;1817;5
6525;3634;3
6526;8270;7
6527;4705;3
6528;6840;4
6529;5664;4
6530;4750;7
6531;1900;1
6532;1523;4
6533;4190;3
6534;1814;1
6535;7467;5
6536;5151;4
6537;6613;3
6538;4480;6
6539;1218;3
6540;2678;4
6541;1216;4
6542;3918;2
6543;8421;5
6544;6877;4
6545;8835;7
6546;4655;6
6547;4671;6
6548;7250;5
6549;5590;2
6550;7355;3
6551;8516;1
6552;6606;3
6553;2310;1
6554;3696;2
6555;1964;7
6556;4353;1
6557;8886;3
6558;3020;7
6559;4766;5
6560;7587;2
6561;5873;1
6562;8033;3
6563;1504;6
6564;4640;7
6565;5956;4
6566;4614;6
6567;1314;2
6568;7564;4
6569;5838;4
6570;5001;4
6571;7094;3
6572;5329;3
6573;5877;2
6574;6846;5
6575;1145;3
6576;8069;4
6577;2592;1
6578;8791;4
6579;2808;2
6580;8434;7
6581;5310;7
6582;3566;3
6583;5333;2
6584;7670;3
6585;8849;7
6586;8719;5
6587;2402;7
6588;5746;1
6589;4702;5
6590;8925;4
6591;3363;2
6592;7517;6
6593;4933;5
6594;8346;5
6595;5139;7
6596;1514;4
6597;3774;5
6598;1441;5
6599;8274;5
6600;4184;5
6601;2803;5
6602;5651;1
6603;4475;2
6604;7044;5
6605;2388;2
6606;4848;5
6607;5873;6
6608;7725;4
6609;8863;4
6610;6602;3
6611;1612;4
6612;7439;6
6613;4400;4
6614;5487;5
6615;1973;3
6616;4076;2
6617;7532;6
6618;8186;3
6619;5342;6
6620;7775;1
6621;2733;2
6622;6034;4
6623;5755;4
6624;7893;4
6625;5520;3
6626;3082;5
6627;8896;7
6628;6581;7
6629;7826;4
6630;1621;5
6631;7833;1
6632;4970;5
6633;6944;5
6634;3792;7
6635;1647;4
6636;2649;2
6637;5185;1
6638;4123;7
6639;3768;1
6640;1331;1
6641;7717;6
6642;8766;3
6643;2795;6
6644;3780;7
6645;1124;6
6646;2994;2
6647;8002;3
6648;8926;1
6649;1473;1
6650;8946;1
6651;1533;5
6652;5155;4
6653;7643;1
6654;8449;4
6655;8273;6
6656;7738;2
6657;8997;1
6658;8838;7
6659;7741;6
6660;6001;6
6661;6813;2
6662;3790;7
6663;7377;2
6664;2601;7
6665;7590;3
6666;5444;5
6667;1666;4
6668;4742;3
6669;5287;1
6670;4551;6
6671;4794;4
6672;8682;7
6673;2825;1
6674;1389;6
6675;2024;7
6676;2957;5
6677;6580;3
6678;2697;2
6679;7804;2
6680;5811;5
6681;2286;4
6682;3608;6
6683;2500;5
6684;7689;7
6685;7959;4
6686;8303;5
6687;5293;7
6688;1902;5
6689;2946;5
6690;7403;7
6691;7262;5
6692;2924;5
6693;1281;6
6694;3267;2
6695;3688;6
6696;7526;1
6697;6230;3
6698;6632;1
6699;2459;5
6700;2353;3
6701;2129;5
6702;3175;2
6703;7833;7
6704;8856;5
6705;4895;1
6706;4685;5
6707;5374;7
6708;1364;5
6709;5761;6
6710;6393;6
6711;8429;5
6712;3360;5
6713;8712;3
6714;4397;6
6715;8457;7
6716;5495;3
6717;1384;6
6718;5469;7
6719;3028;5
6720;1220;3
6721;1883;5
6722;4210;4
6723;3785;7
6724;2817;3
6725;4199;2
6726;4124;7
6727;6200;1
6728;2255;2
6729;5444;6
6730;2106;5
6731;4308;6
6732;3302;1
6733;6317;3
6734;4767;5
6735;7716;3
6736;6873;4
6737;3939;7
6738;7478;1
6739;7784;4
6740;2148;2
6741;7118;4
6742;3732;7
6743;5601;4
6744;5642;3
6745;7626;5
6746;4210;5
6747;3794;4
6748;6930;1
6749;4461;2
6750;4838;1
6751;7466;6
6752;8158;5
6753;7582;3
6754;3511;1
6755;4257;5
6756;3475;1
6757;8967;1
6758;6829;3
6759;1486;2
6760;8400;1
6761;2950;2
6762;1008;1
6763;2915;7
6764;1183;6
6765;3285;2
6766;6913;6
6767;4486;5
6768;7335;6
6769;8222;1
6770;8713;1
6771;2563;7
6772;2889;2
6773;5720;4
6774;4504;3
6775;8890;1
6776;3593;7
6777;6099;1
6778;6606;6
6779;7268;1
6780;5958;2
6781;4464;7
6782;8014;4
6783;4835;7
6784;2051;1
6785;1967;4
6786;6742;2
6787;5139;3
6788;5209;5
6789;5274;6
6790;6415;6
6791;6632;7
6792;3000;3
6793;3815;1
6794;2952;1
6795;8194;5
6796;5591;1
6797;2381;2
6798;7401;3
6799;5569;6
6800;2698;2
6801;2081;2
6802;3459;2
6803;8097;5
6804;2070;4
6805;3050;7
6806;2916;2
6807;8085;4
6808;4724;5
6809;8781;5
6810;4972;3
6811;3385;6
6812;7417;6
6813;6035;4
6814;5626;4
6815;5495;7
6816;1452;6
6817;1565;2
6818;7324;5
6819;5097;6
6820;3976;2
6821;8957;6
6822;7229;2
6823;2950;2
6824;7928;7
6825;5708;5
6826;1421;7
6827;8249;1
6828;1784;1
6829;8430;2
6830;4494;5
6831;6921;2
6832;3002;7
6833;8479;4
6834;6797;4
6835;4230;5
6836;3339;1
6837;5748;5
6838;4733;1
6839;6199;7
6840;3588;2
6841;5207;7
6842;6465;4
6843;8978;4
6844;8444;5
6845;2409;2
6846;5418;1
6847;6352;2
6848;6825;2
6849;5258;6
6850;1874;2
6851;5610;5
6852;3226;6
6853;6442;6
6854;6886;3
6855;2523;4
6856;3307;3
6857;6015;1
6858;6650;1
6859;7750;4
6860;1476;6
6861;4137;7
6862;2034;6
6863;1902;5
6864;2184;7
6865;4759;7
6866;3399;6
6867;6393;1
6868;8620;7
6869;6024;1
6870;2982;7
6871;3813;1
6872;4958;6
6873;4003;5
6874;8207;5
6875;6861;5
6876;6125;4
6877;8463;2
6878;5305;6
6879;3640;4
6880;1624;5
6881;4506;3
6882;6610;1
6883;7743;1
6884;8063;5
6885;4535;7
6886;5524;2
6887;5384;3
6888;5018;2
6889;8231;2
6890;2273;5
6891;2144;2
6892;6254;1
6893;3881;1
6894;5157;2
6895;2159;5
6896;8129;6
6897;6136;3
6898;4721;6
6899;7032;1
6900;8570;1
6901;3406;4
6902;1753;2
6903;7632;6
6904;8892;5
6905;7710;6
6906;5752;5
6907;8067;2
6908;5001;6
6909;1023;6
6910;7438;5
6911;5909;5
6912;4461;1
6913;5763;4
6914;1951;1
6915;3029;6
6916;8099;5
6917;6360;2
6918;2242;4
6919;6023;7
6920;2848;3
6921;3986;6
6922;4679;6
6923;3582;3
6924;7384;2
6925;6882;2
6926;4185;7
6927;7414;5
6928;4032;4
6929;7887;6
6930;5354;6
6931;8473;2
6932;2289;3
6933;5807;5
6934;8932;7
6935;1867;6
6936;2905;3
6937;1067;1
6938;7670;1
6939;3624;6
6940;7573;3
6941;7392;1
6942;7737;5
6943;4740;4
6944;4570;6
6945;4076;7
6946;4177;7
6947;2558;6
6948;3239;4
6949;8307;2
6950;6557;4
6951;7851;1
6952;2257;5
6953;8315;2
6954;7612;5
6955;2260;3
6956;1649;5
6957;1778;4
6958;6718;4
6959;8770;1
6960;7478;2
6961;7589;4
6962;8511;6
6963;2857;6
6964;6866;6
6965;6669;3
6966;6169;7
6967;2061;4
6968;3872;6
6969;8542;6
6970;2924;7
6971;2271;7
6972;7329;3
6973;6880;7
6974;5412;2
6975;6970;6
6976;3668;6
6977;8027;5
6978;4009;1
6979;6679;7
6980;8660;3
6981;6458;7
6982;3827;7
6983;5404;5
6984;7394;2
6985;7435;5
6986;8723;2
6987;7290;7
6988;8977;2
6989;2367;3
6990;3886;4
6991;6914;7
6992;6358;4
6993;5423;3
6994;7587;2
6995;3698;3
6996;7055;2
6997;5782;4
6998;1792;5
6999;2443;5
7000;6815;3
